filename,nwords,MLS,MLT,MLC,C_S,VP_T,C_T,DC_C,DC_T,T_S,CT_T,CP_T,CP_C,CN_T,CN_C
0.txt,0.5888650963597432,0.03643016226534544,0.07529843893498622,0.12210557665096418,0.07459677419354839,0.08024691358037037,0.06702898550739131,0.4216216216213686,0.0386904761905,0.1,0.458333333333,0.07638888888883333,0.297297297297,0.027777777777791668,0.19284149013895946
10.txt,0.11134903640256959,0.07795100222716562,0.08264462809917356,0.10330578512396695,0.15053763440870968,0.08465608465592593,0.08695652173913043,0.34285714285693714,0.040816326530642856,0.15555555555533335,0.428571428571,0.11904761904766666,0.357142857143,0.035714285714291666,0.1911196911198616
100.txt,0.3147751605995717,0.02545338848243096,0.07870916961818182,0.1147842056932507,0.06451612903225806,0.08465608465592593,0.07453416149086957,0.45000000000018003,0.04591836734692857,0.077777777778,0.5,0.15476190476183332,0.541666666667,0.041666666666666664,0.26013513513547865
101.txt,0.2676659528907923,0.050543157129297175,0.14010232192066116,0.14422297844765838,0.07834101382483871,0.14814814814814814,0.10559006211173913,0.7058823529418824,0.10204081632642856,0.06666666666666667,0.857142857143,0.11904761904766666,0.294117647059,0.09523809523791667,0.41971383147922653
102.txt,0.2633832976445396,0.028125994272981413,0.09696969696969698,0.12759170653911847,0.06129032258064516,0.08518518518518517,0.08260869565217391,0.6315789473690527,0.07142857142857142,0.06666666666666667,0.7,0.03333333333333333,0.105263157895,0.09583333333333333,0.5398293029884538
103.txt,0.33190578158458245,0.03728921412662449,0.08185753640275482,0.10611162126308539,0.08709677419354839,0.0978835978837037,0.08385093167695652,0.5333333333330134,0.061224489795928566,0.09333333333333332,0.5,0.0714285714285,0.222222222222,0.0565476190475,0.3138138138145397
104.txt,0.37687366167023556,0.024567065133274103,0.08411386593223141,0.14337590783884296,0.05069124423967742,0.08395061728407406,0.06376811594217391,0.3272727272725309,0.02857142857142857,0.07142857142866667,0.266666666667,0.022222222222166663,0.0909090909091,0.08611111111125,0.6283783783791618
105.txt,0.48608137044967886,0.007423904974094862,0.06170798898071625,0.10423646787286502,0.0442054958183871,0.062222222222222213,0.06434782608695652,0.3567567567565427,0.031428571428571424,0.06172839506173333,0.24,0.019999999999999997,0.0810810810811,0.045,0.32542001460994
106.txt,0.5010706638115633,0.03643016226534544,0.09882920110192837,0.13631613945096419,0.06682027649774193,0.08564814814814814,0.07880434782608696,0.4137931034485655,0.04464285714285714,0.07619047619066667,0.5,0.05208333333333333,0.172413793103,0.1015625,0.5997204100677563
107.txt,0.5096359743040686,0.03724830689509409,0.08907254361818182,0.13360881542699724,0.06912442396322581,0.08847736625518518,0.07246376811608696,0.48000000000019205,0.04761904761907143,0.085714285714,0.611111111111,0.037037037036999995,0.133333333333,0.10416666666666666,0.6689189189201845
108.txt,0.2676659528907923,0.024065021837792074,0.07543971180330579,0.09807162534435263,0.07331378299129032,0.09686609686592593,0.08361204013391305,0.5280000000002112,0.060439560439571424,0.078787878788,0.769230769231,0.025641025641,0.08,0.0641025641025,0.35675675675743174
109.txt,0.26552462526766596,0.03404390709522134,0.09752066115702479,0.09376986649710745,0.09318996415774193,0.12962962962962962,0.11304347826086956,0.692307692307877,0.10714285714285714,0.074074074074,0.8,0.03333333333333333,0.0769230769231,0.0625,0.2572765072769598
11.txt,0.11777301927194862,0.029271396754686794,0.08500590318787879,0.11443102352190085,0.06989247311838709,0.08994708994703704,0.0807453416147826,0.4615384615381846,0.05102040816328571,0.077777777778,0.285714285714,0.0714285714285,0.230769230769,0.06547619047625,0.3773388773396599
110.txt,0.5010706638115633,0.029092427616920328,0.07529843893498622,0.10981022344655648,0.07258064516129031,0.08994708994703704,0.07453416149086957,0.46666666666698664,0.04761904761907143,0.0875,0.380952380952,0.047619047618999995,0.166666666667,0.049603174603333335,0.3096846846850724
111.txt,0.32119914346895073,0.042316258352014274,0.11184573002754822,0.09641873278236915,0.10394265232967742,0.11851851851851852,0.12608695652173912,0.49655172413779863,0.0857142857142857,0.074074074074,0.6,0.08333333333333333,0.172413793103,0.09583333333333333,0.3536812674751016
112.txt,0.550321199143469,0.01807769068344905,0.0742603904661157,0.09930168492534436,0.06304985337258065,0.08373590982296296,0.08128544423434782,0.5860465116278344,0.06521739130435714,0.06969696969666667,0.652173913043,0.0434782608695,0.139534883721,0.06521739130416666,0.37335009428121985
113.txt,0.09421841541755889,0.2554883868915002,0.05938169574545455,0.07422711968168044,0.5806451612903225,0.08230452674888888,0.08695652173913043,0.46666666666698664,0.05555555555557142,0.6,0.333333333333,0.037037037036999995,0.111111111111,0.055555555555416664,0.2972972972980084
114.txt,0.23768736616702357,0.04481614472077025,0.09035812672176308,0.1188922720023416,0.08755760368677419,0.07407407407407407,0.08260869565217391,0.44210526315857684,0.049999999999999996,0.095238095238,0.6,0.08333333333333333,0.263157894737,0.07083333333333333,0.3990042674259576
115.txt,0.2505353319057816,0.021982471870976916,0.08514901076859505,0.0975665748392562,0.0703812316716129,0.09090909090925925,0.09486166007913044,0.5499999999998201,0.07142857142857142,0.06666666666666667,0.909090909091,0.0757575757575,0.208333333333,0.09090909090916667,0.44594594594678966
116.txt,0.2826552462526767,0.015567474205752569,0.06370523415977962,0.10617539026625344,0.05529953917064516,0.057870370370370364,0.06521739130434782,0.39999999999976005,0.03571428571428571,0.07619047619066667,0.375,0.07291666666666666,0.291666666667,0.049479166666666664,0.35304054054135714
117.txt,0.32119914346895073,0.09398663697104101,0.22369146005509644,0.12157144568209366,0.14838709677419354,0.22962962962962963,0.19999999999999998,0.6782608695650713,0.18571428571428572,0.06666666666666667,1.0,0.09999999999999999,0.130434782609,0.2333333333333333,0.5428907168057568
118.txt,0.32548179871520344,0.02664651606734984,0.0868828141553719,0.16609949765013773,0.04569892473129032,0.07692307692296296,0.05685618729086957,0.4941176470585976,0.03846153846157142,0.07222222222199999,0.384615384615,0.08974358974366665,0.411764705882,0.07051282051291666,0.5771065182846054
119.txt,0.15417558886509636,0.1566974228444108,0.2295684113867769,0.14348025711707987,0.1935483870967742,0.18518518518518517,0.17391304347826086,0.5000000000006,0.11904761904785714,0.1,1.0,0.27777777777833335,0.416666666667,0.22222222222208332,0.594594594594233
12.txt,0.25481798715203424,0.003650551769179153,0.05264768901134986,0.07897153351694215,0.050933786078064515,0.07407407407407407,0.07246376811608696,0.39999999999976005,0.039682539682571426,0.06315789473686667,0.277777777778,0.0,0.0,0.041666666666666664,0.26756756756807376
120.txt,0.43683083511777304,0.0343376000390648,0.10114128295922865,0.11419177108333335,0.07692307692322581,0.09523809523814813,0.09627329192565216,0.5806451612906323,0.076530612245,0.07179487179466666,0.571428571429,0.13095238095233333,0.354838709677,0.08630952380958332,0.4171752397567893
121.txt,0.689507494646681,0.03424485489903935,0.10874293170964187,0.1259826647852617,0.06960950764,0.10526315789481482,0.0938215102973913,0.5853658536590342,0.075187969925,0.06666666666666667,0.631578947368,0.061403508771999994,0.170731707317,0.06578947368416665,0.3263019116683065
122.txt,0.3147751605995717,0.2640789055042906,0.13774104683195593,0.13774104683195593,0.3225806451612903,0.125,0.10869565217391304,0.60000000000024,0.08928571428571427,0.26666666666666666,0.75,0.0625,0.15,0.16145833333333331,0.6912162162175239
123.txt,0.4068522483940043,0.021217785555195805,0.07046541974765841,0.10142749812176309,0.06653225806451613,0.07602339181296296,0.07551487414173913,0.43636363636337455,0.04511278195485714,0.07916666666666666,0.473684210526,0.03508771929816666,0.121212121212,0.041666666666666664,0.2567567567574317
124.txt,0.09207708779443254,0.02354438434615987,0.0881542699724518,0.1652892561983471,0.043010752688064514,0.08641975308629629,0.05797101449260869,0.30000000000012,0.0238095238095,0.06666666666666667,0.166666666667,0.0555555555555,0.25,0.08333333333333333,0.6689189189201845
125.txt,0.6209850107066381,0.03911469933184243,0.1111651272077135,0.14764118457300276,0.06451612903225806,0.08496732026148149,0.08184143222521739,0.487500000000195,0.0546218487395,0.07083333333333333,0.529411764706,0.09803921568633334,0.3125,0.10539215686291666,0.5992398648659986
127.txt,0.03640256959314776,0.0,0.06427915518842975,0.1071319253137741,0.03225806451612903,0.07407407407407407,0.06521739130434782,0.39999999999976005,0.03571428571428571,0.04444444444446667,0.5,0.0555555555555,0.222222222222,0.027777777777791668,0.19819819819837498
128.txt,0.5203426124197003,3.34913006267909e-05,0.04181676908947659,0.0906029996939394,0.038200339558709676,0.04463437796777778,0.05016722408043478,0.159999999999664,0.010989010989,0.06842105263133333,0.102564102564,0.017094017094,0.0888888888889,0.023504273504291663,0.21801801801848006
129.txt,0.5588865096359744,0.009840461797225645,0.05580734026501378,0.09402323631570249,0.05299539170516129,0.06690561529259259,0.06451612903217391,0.2608695652177043,0.02304147465435714,0.07380952380933332,0.290322580645,0.03225806451616667,0.130434782609,0.02553763440858333,0.1841950646302539
13.txt,0.10920770877944326,0.01495386573336949,0.052091159529201105,0.07958371594738292,0.07258064516129031,0.06397306397296296,0.07114624505913043,0.20000000000048002,0.0194805194805,0.09166666666666666,0.181818181818,0.04545454545449999,0.166666666667,0.030303030303041663,0.19819819819837498
130.txt,0.6102783725910065,0.11599472751233929,0.1330184966550964,0.11937557392107438,0.17972350230419354,0.1455026455025926,0.12111801242217392,0.6153846153854462,0.10204081632642856,0.13333333333333333,0.571428571429,0.023809523809499997,0.0512820512821,0.15773809523791665,0.6060291060283087
131.txt,0.06638115631691648,0.03786191536747717,0.06611570247933884,0.1051840721261708,0.08870967741935484,0.06349206349222222,0.06832298136652173,0.3272727272725309,0.03061224489792857,0.11666666666666667,0.428571428571,0.047619047618999995,0.181818181818,0.06547619047625,0.44594594594678966
132.txt,0.2698072805139186,0.06315622017170897,0.1643709825526171,0.12327823691460055,0.10752688172032258,0.16049382716037036,0.14492753623173912,0.720000000000288,0.14285714285714285,0.06666666666666667,0.833333333333,0.11111111111116667,0.2,0.125,0.4013513513521107
133.txt,0.5053533190578159,0.03683923458036294,0.11373475009862259,0.17307461971487603,0.05299539170516129,0.10317460317444445,0.07142857142869566,0.4695652173913878,0.04591836734692857,0.06666666666666667,0.285714285714,0.0714285714285,0.260869565217,0.1190476190475,0.7755581668628188
134.txt,0.33190578158458245,0.017435571110493275,0.07162534435261708,0.14325068870523416,0.043010752688064514,0.057870370370370364,0.05434782608695652,0.24000000000009603,0.017857142857142856,0.07111111111133334,0.1875,0.07291666666666666,0.35,0.0546875,0.46824324324412914
135.txt,0.3747323340471092,0.03708095913002887,0.1046831955922865,0.10829296095757576,0.08504398826967742,0.1388888888888889,0.10507246376826086,0.49655172413779863,0.07142857142857142,0.07272727272733334,0.583333333333,0.08333333333333333,0.206896551724,0.11111111111125,0.4920782851817418
136.txt,0.3790149892933619,0.6363347120585405,0.08448117539008265,0.1021949702301653,1.0,0.08641975308629629,0.08985507246391305,0.5806451612906323,0.07142857142857142,1.0,0.6,0.011111111111116666,0.0322580645161,0.06111111111124999,0.316477768091342
137.txt,0.5353319057815846,0.04447000660810718,0.11924439197190083,0.13911845730027547,0.0744416873448387,0.11640211640222221,0.09316770186347827,0.5199999999998081,0.06632653061221427,0.07179487179466666,0.571428571429,0.14285714285716666,0.4,0.09226190476208332,0.4608108108101962
138.txt,0.4668094218415418,0.026228921412656866,0.07858489198181819,0.12442607897148762,0.06048387096774194,0.08771929824555555,0.06864988558347826,0.39999999999976005,0.03759398496242857,0.07916666666666666,0.421052631579,0.03508771929816666,0.133333333333,0.07675438596499999,0.5202702702727411
139.txt,0.2569593147751606,0.03277123767094517,0.10590756045289255,0.11914600550964188,0.07168458781354839,0.08641975308629629,0.09661835748782609,0.660000000000264,0.08730158730142858,0.06666666666666667,0.666666666667,0.24074074074,0.65,0.06944444444458334,0.33445945946009226
14.txt,0.040685224839400416,0.04645243398026756,0.1322314049586777,0.1652892561983471,0.06451612903225806,0.14814814814814814,0.08695652173913043,0.39999999999976005,0.04761904761907143,0.06666666666666667,0.666666666667,0.0,0.0,0.125,0.6689189189201845
140.txt,0.3233404710920771,0.016671969455927565,0.06611570247933884,0.12217031979876035,0.04946236559129032,0.07189542483666667,0.05882352941173912,0.3652173913045461,0.02941176470585714,0.07555555555533333,0.294117647059,0.029411764705833333,0.130434782609,0.06372549019625,0.50411280846217
141.txt,0.2633832976445396,0.04072542157174064,0.12121212121212122,0.14260249554407714,0.06854838709677419,0.1111111111111111,0.09239130434782608,0.5647058823530259,0.07142857142857142,0.06666666666666667,0.75,0.16666666666666666,0.470588235294,0.13020833333333331,0.6558028616846191
142.txt,0.145610278372591,0.012376710149532368,0.05555555555537191,0.09259259259256199,0.05806451612903226,0.06172839506185185,0.06521739130434782,0.46666666666698664,0.04166666666664285,0.08,0.5,0.027777777777833332,0.111111111111,0.03125,0.22297297297339483
143.txt,0.3940042826552463,0.0299322058788357,0.08705234159779615,0.16322314049586778,0.049627791563225804,0.08641975308629629,0.05797101449260869,0.180000000000072,0.014285714285714285,0.07692307692333333,0.266666666667,0.08888888888883334,0.4,0.08333333333333333,0.6689189189201845
144.txt,0.5974304068522485,0.022998954592898652,0.07035388853553719,0.10888101797190083,0.06451612903225806,0.07407407407407407,0.07023411371217392,0.39999999999976005,0.03846153846157142,0.08253968254,0.461538461538,0.019230769230833333,0.0714285714286,0.0608974358975,0.4034749034757093
145.txt,0.46466809421841543,0.03720110624332827,0.08264462809917356,0.14303877940220386,0.06451612903225806,0.08024691358037037,0.06280193236695653,0.3692307692305477,0.031746031746,0.092307692308,0.444444444444,0.08333333333333333,0.346153846154,0.064814814815,0.4802494802490167
146.txt,0.04282655246252677,0.012567610563245384,0.06703397612506887,0.1256887052341598,0.043010752688064514,0.049382716049259257,0.05797101449260869,0.30000000000012,0.0238095238095,0.06666666666666667,0.333333333333,0.11111111111116667,0.5,0.04861111111125,0.39020270270344093
147.txt,0.2184154175588865,0.005468501431746774,0.05693296602369147,0.10166601075688705,0.04233870967741935,0.06913580246925925,0.0608695652173913,0.2857142857141143,0.0238095238095,0.0625,0.266666666667,0.03333333333333333,0.142857142857,0.036111111111125,0.27606177606246823
148.txt,0.3426124197002141,0.033176177942214655,0.07823691460055096,0.12224517906336088,0.0703812316716129,0.10123456790111111,0.06956521739130435,0.45000000000018003,0.04285714285714285,0.09090909090933333,0.666666666667,0.0444444444445,0.166666666667,0.07222222222208333,0.4831081081075356
149.txt,0.19271948608137046,0.01495386573336949,0.06060606060606061,0.10942760942754821,0.05278592375354839,0.06267806267814814,0.06020066889652174,0.2666666666665067,0.021978021978,0.078787878788,0.384615384615,0.038461538461499994,0.166666666667,0.03846153846154166,0.2972972972980084
15.txt,0.3854389721627409,0.051861279032797025,0.10697887970633609,0.13372359963264463,0.0860215053764516,0.10185185185185185,0.08695652173913043,0.5000000000006,0.059523809523785706,0.08888888888866667,0.583333333333,0.08333333333333333,0.25,0.10416666666666666,0.5574324324334871
150.txt,0.6145610278372592,0.0318167356029528,0.09366391184573003,0.15107082555785123,0.055555555555483874,0.07777777777777778,0.06739130434782609,0.4258064516125703,0.039285714285714285,0.074074074074,0.5,0.125,0.483870967742,0.05625,0.38840453356634297
151.txt,0.2184154175588865,0.011870089821151838,0.05693296602369147,0.08895775941225895,0.05955334987580645,0.06172839506185185,0.06956521739130435,0.45000000000018003,0.04285714285714285,0.07692307692333333,0.533333333333,0.011111111111116666,0.0416666666667,0.041666666666666664,0.27871621621674353
152.txt,0.6509635974304069,1.0,0.0,0.0,0.0,0.0,0.0,0.0,0.0,0.0,0.0,0.0,0.0,0.0,0.0
153.txt,0.03426124197002141,0.005954274805676143,0.047520661157024795,0.07920110192837465,0.05529953917064516,0.05555555555555555,0.06521739130434782,0.20000000000048002,0.017857142857142856,0.07619047619066667,0.25,0.0,0.0,0.020833333333333332,0.14864864864878125
154.txt,0.3533190578158458,0.02974864778882615,0.10009182736473829,0.1112131415161157,0.07258064516129031,0.1111111111111111,0.09782608695652173,0.6666666666674667,0.08928571428571427,0.06666666666666667,0.75,0.09722222222216666,0.259259259259,0.09027777777791665,0.4294294294302584
155.txt,0.10278372591006425,0.019044588882399103,0.07949626131460055,0.11593204775027549,0.05529953917064516,0.08465608465592593,0.07453416149086957,0.30000000000012,0.03061224489792857,0.06666666666666667,0.285714285714,0.11904761904766666,0.416666666667,0.04761904761916667,0.2972972972980084
156.txt,0.4710920770877945,0.02984409799553948,0.08847836655316806,0.12534435261707988,0.06451612903225806,0.08714596949888888,0.07672634271086956,0.440000000000576,0.04621848739492857,0.07555555555533333,0.470588235294,0.078431372549,0.266666666667,0.06862745098041667,0.416216216216855
157.txt,0.5824411134903641,0.029430480432828702,0.09424387414820938,0.12790240062961433,0.06272401433677419,0.09161793372333334,0.08009153318086956,0.5142857142854057,0.056390977443642853,0.07037037037066667,0.684210526316,0.08771929824566667,0.285714285714,0.07017543859666667,0.40772200772290657
158.txt,0.40471092077087795,0.023926185173299554,0.07407407407382921,0.123456790123416,0.05806451612903226,0.07201646090518518,0.06521739130434782,0.5333333333330134,0.04761904761907143,0.08,0.5,0.046296296296333334,0.185185185185,0.064814814815,0.4624624624646587
159.txt,0.2676659528907923,0.050543157129297175,0.14010232192066116,0.12904161229517905,0.08755760368677419,0.11640211640222221,0.11801242236043477,0.6947368421054779,0.11224489795928572,0.06666666666666667,0.571428571429,0.14285714285716666,0.315789473684,0.16071428571416665,0.633712660030118
16.txt,0.5738758029978588,0.01769287166779521,0.06550352004903581,0.10282529310013774,0.060308555399677416,0.06310013717407408,0.06924315619956521,0.44651162790737864,0.04232804232807143,0.07826086956533333,0.444444444444,0.049382716049333336,0.186046511628,0.04938271604958333,0.33186675047219544
160.txt,0.6145610278372592,0.020058376793280434,0.08514901076859505,0.12657285384559228,0.05189340813451613,0.08585858585851851,0.07312252964434782,0.29189189189171677,0.02922077922078571,0.063768115942,0.272727272727,0.08333333333333333,0.297297297297,0.06628787878791667,0.42184075967941975
161.txt,0.4389721627408994,0.018771874005625317,0.07107438016528926,0.09351892127011019,0.06810035842290323,0.08333333333333333,0.08260869565217391,0.60000000000024,0.06785714285714285,0.074074074074,0.65,0.024999999999999998,0.0789473684211,0.06874999999999999,0.38726884779608406
162.txt,0.3683083511777302,0.04931594018453102,0.06887052341597796,0.099973340442562,0.11111111111096775,0.08230452674888888,0.07487922705304348,0.34838709677413937,0.03571428571428571,0.13333333333333333,0.5,0.0555555555555,0.193548387097,0.04398148148166667,0.27332170880589546
163.txt,0.19700214132762311,0.03704377073772852,0.11412829594655648,0.07133018496652892,0.12903225806451613,0.15873015873,0.17391304347826086,0.4714285714285886,0.11224489795928572,0.06666666666666667,0.571428571429,0.0,0.0,0.1190476190475,0.3185328185335486
164.txt,0.16488222698072802,0.10181355392926568,0.1790633608815427,0.11937557392107438,0.16129032258064516,0.16666666666666666,0.16304347826086957,0.720000000000288,0.1607142857142857,0.08888888888866667,1.0,0.08333333333333333,0.133333333333,0.17708333333333331,0.5054054054048751
165.txt,0.2826552462526767,0.043946866051537026,0.09266215877796143,0.10192837465564739,0.10080645161290322,0.1111111111111111,0.09881422924913044,0.5280000000002112,0.07142857142857142,0.09166666666666666,0.636363636364,0.060606060605999997,0.16,0.030303030303041663,0.1427027027029727
166.txt,0.291220556745182,0.05504295259305794,0.13016528925619836,0.12396694214876033,0.0967741935483871,0.12037037037037036,0.11413043478260869,0.6857142857150743,0.10714285714285714,0.07619047619066667,0.875,0.16666666666666666,0.380952380952,0.08854166666666666,0.36100386100462895
167.txt,0.4282655246252676,0.017976455615774854,0.0696969696969697,0.12016718913264464,0.05197132616483871,0.07407407407407407,0.06304347826086956,0.372413793103349,0.03214285714285714,0.074074074074,0.35,0.008333333333333333,0.0344827586207,0.05833333333333333,0.430568499534693
168.txt,0.5888650963597432,0.01856437355608666,0.07857228410578512,0.14118457300275483,0.044880785413870965,0.08051529790666666,0.06049149338391304,0.37500000000015,0.031055900621142857,0.06666666666666667,0.347826086957,0.072463768116,0.3125,0.06702898550708333,0.5156250000009756
169.txt,0.2698072805139186,0.490295895641104,0.19724517906336086,0.08501947373415977,0.9354838709677419,0.22962962962962963,0.25217391304347825,0.744827586206698,0.2571428571428571,0.3333333333333333,0.6,0.06666666666666667,0.0689655172414,0.175,0.3229263746509083
17.txt,0.3897216274089936,0.029491666462640984,0.09959737232451792,0.12947658402203857,0.06203473945419355,0.08831908831925925,0.08361204013391305,0.5760000000002304,0.06593406593407142,0.06666666666666667,0.615384615385,0.0641025641025,0.2,0.08333333333333333,0.4637837837846613
170.txt,0.14132762312633834,0.0155902004453644,0.08195592286501377,0.11707988980716254,0.050179211469677416,0.07407407407407407,0.07608695652173914,0.4285714285717714,0.04464285714285714,0.059259259259266665,0.375,0.0625,0.214285714286,0.0625,0.3822393822401691
171.txt,0.31905781584582443,0.04199809099573046,0.11129476584022038,0.16366877329476584,0.0609318996416129,0.1,0.07391304347826086,0.4941176470585976,0.049999999999999996,0.074074074074,0.7,0.06666666666666667,0.235294117647,0.11666666666666665,0.7344992050890924
172.txt,0.19486081370449676,0.18390073178491367,0.39669421487603307,0.11667476908112948,0.27419354838709675,0.38888888888888884,0.3695652173913043,0.9882352941183954,0.5,0.06666666666666667,1.0,0.25,0.176470588235,0.4375,0.5508744038179342
173.txt,0.24625267665952888,0.025835189309570638,0.06170798898071625,0.09256198347107437,0.08064516129032258,0.07160493827148148,0.07246376811608696,0.3360000000001344,0.03333333333335714,0.1,0.333333333333,0.0555555555555,0.2,0.05277777777791666,0.33891891891956016
174.txt,0.3576017130620985,0.019726376073904036,0.07575757575757576,0.12121212121212123,0.05376344086032258,0.07407407407407407,0.06793478260869565,0.48000000000019205,0.04464285714285714,0.07111111111133334,0.375,0.03125,0.12,0.04427083333333333,0.30324324324381696
175.txt,0.46466809421841543,0.0260499522748904,0.07829491083085399,0.13282172373085402,0.056451612903225805,0.07797270955148149,0.0640732265447826,0.3857142857149543,0.03383458646614285,0.07916666666666666,0.421052631579,0.026315789473666668,0.107142857143,0.07456140350875,0.5415057915087272
176.txt,0.4346895074946467,0.03881641743546954,0.10074773711129477,0.15331177386501377,0.06182795698935484,0.07671957671962962,0.07142857142869566,0.41739130434856697,0.040816326530642856,0.077777777778,0.285714285714,0.10714285714283334,0.391304347826,0.09523809523791667,0.6204465334929307
177.txt,0.24411134903640258,0.07336939230034409,0.09201101928374655,0.13531032247603306,0.1096774193548387,0.07407407407407407,0.07391304347826086,0.4941176470585976,0.049999999999999996,0.13333333333333333,0.7,0.049999999999999996,0.176470588235,0.07916666666666666,0.4984101748801322
178.txt,0.5289079229122057,0.06363347120584832,0.13774104683195593,0.1652892561983471,0.08064516129032258,0.10493827160481481,0.09057971014478261,0.5280000000002112,0.06547619047621428,0.08,0.5,0.11111111111116667,0.32,0.13888888888875,0.7135135135148635
179.txt,0.4261241970021414,0.04988864142538371,0.11570247933884298,0.14462809917355374,0.07741935483870967,0.1111111111111111,0.08695652173913043,0.60000000000024,0.07142857142857142,0.08,0.666666666667,0.08333333333333333,0.25,0.09722222222208333,0.5202702702727411
18.txt,0.4603854389721627,0.025692013999357468,0.07382920110192838,0.11907935661597797,0.0625,0.07037037037037036,0.06739130434782609,0.4258064516125703,0.039285714285714285,0.08333333333333333,0.4,0.075,0.290322580645,0.0375,0.2589363557108953
180.txt,0.36402569593147754,0.19058224626143297,0.20477502295702482,0.12798438934807163,0.25806451612903225,0.1975308641974074,0.17391304347826086,0.60000000000024,0.14285714285714285,0.13333333333333333,1.0,0.0555555555555,0.0833333333333,0.20138888888874998,0.5388513513508844
181.txt,0.7880085653104926,0.038005090677690354,0.10085040124573003,0.13485809468898072,0.06935483870967742,0.10466988727851852,0.08128544423434782,0.5860465116278344,0.06521739130435714,0.07666666666666666,0.695652173913,0.13768115942033332,0.441860465116,0.05797101449291667,0.33186675047219544
182.txt,0.5546038543897217,0.10535884732503407,0.10743801652892562,0.1263976665046832,0.15668202764967742,0.10416666666666666,0.09239130434782608,0.60000000000024,0.07589285714285714,0.15238095238066668,0.625,0.09375,0.264705882353,0.09895833333333333,0.4984101748801322
183.txt,0.4668094218415418,0.1070633153039396,0.14931129476584024,0.10665092483278238,0.18817204301064513,0.15925925925925924,0.15217391304347827,0.6514285714286606,0.1357142857142857,0.11111111111133333,0.7,0.11666666666666665,0.2,0.125,0.3822393822401691
184.txt,0.43683083511777304,0.0390550429526824,0.09439853076198348,0.09567418658333333,0.09946236559129032,0.1135802469137037,0.10724637681173914,0.3891891891889557,0.05714285714285714,0.08333333333333333,0.4,0.07777777777783333,0.189189189189,0.06944444444458334,0.30131482834257006
185.txt,0.2226980728051392,0.05265669742293384,0.07208448117520662,0.10297783025055098,0.11290322580645161,0.08333333333333333,0.07608695652173914,0.22857142857129145,0.0238095238095,0.13333333333333333,0.25,0.041666666666666664,0.142857142857,0.03125,0.1911196911198616
186.txt,0.12205567451820128,0.01710149538656708,0.05509641873278237,0.11655011655013775,0.05241935483870967,0.04713804713814815,0.051383399209565216,0.18461538461527385,0.012987012986999998,0.09166666666666666,0.181818181818,0.060606060605999997,0.307692307692,0.03787878787879166,0.34303534303609495
187.txt,0.4518201284796574,0.017515950231905938,0.06926406926391185,0.10389610389614325,0.05942275042451613,0.07760141093481482,0.07246376811608696,0.4457142857149783,0.04421768707485714,0.07368421052600001,0.571428571429,0.0396825396825,0.142857142857,0.037698412698416665,0.2420849420853364
188.txt,0.7901498929336189,0.04486159719999393,0.12237204581707989,0.1660763478939394,0.06272401433677419,0.09161793372333334,0.08009153318086956,0.5142857142854057,0.056390977443642853,0.07037037037066667,0.631578947368,0.13157894736849998,0.428571428571,0.06798245614041666,0.3949806949813149
19.txt,0.13490364025695933,0.309895004772506,0.05325987144170799,0.08876645240275483,0.5806451612903225,0.07098765432111111,0.06521739130434782,0.39999999999976005,0.03571428571428571,0.8,0.5,0.0,0.0,0.03472222222220833,0.24774774774841468
190.txt,0.5867237687366168,0.02974864778882615,0.0948238364506887,0.12868949232589533,0.06272401433677419,0.10331384015592592,0.08009153318086956,0.6171428571434469,0.06766917293235714,0.07037037037066667,0.684210526316,0.052631578947333335,0.171428571429,0.09868421052625,0.5733590733582469
191.txt,0.2248394004282655,0.4301622653515713,0.8705234159779615,0.09462211043236915,0.7419354838709677,1.0,1.0,0.7304347826090922,1.0,0.06666666666666667,1.0,0.8333333333333333,0.217391304348,1.0,0.4653349001185831
192.txt,0.7216274089935761,0.03356665606108199,0.11309264897796144,0.14518650882231407,0.05967741935483871,0.1111111111111111,0.08466819221956522,0.5513513513510205,0.06390977443607143,0.06333333333333332,0.526315789474,0.08771929824566667,0.27027027027,0.07894736842125,0.4338933528131047
193.txt,0.20985010706638113,0.013760738148164264,0.059425423061707984,0.0945404457801653,0.05913978494612903,0.06878306878296296,0.06832298136652173,0.49090909090939633,0.04591836734692857,0.077777777778,0.428571428571,0.011904761904766666,0.0454545454545,0.026785714285708334,0.18243243243281812
194.txt,0.03640256959314776,0.07795100222716562,0.09641873278236915,0.1071319253137741,0.14516129032258063,0.12037037037037036,0.09782608695652173,0.6666666666674667,0.08928571428571427,0.13333333333333333,1.0,0.041666666666666664,0.111111111111,0.08333333333333333,0.39639639639719587
195.txt,0.6038543897216275,0.023408026907916154,0.07098961644407714,0.09817712912493114,0.07219662058387097,0.08547008547,0.07859531772565218,0.45957446808498387,0.04945054945057143,0.08253968254,0.538461538462,0.08974358974366665,0.297872340426,0.03685897435895833,0.21822886716560208
196.txt,0.411134903640257,0.03169436354304188,0.10383555838126722,0.10226229234490358,0.08188585607935484,0.10541310541296296,0.11036789297652173,0.7272727272734909,0.10989010988999999,0.06666666666666667,0.615384615385,0.07692307692299999,0.181818181818,0.0673076923075,0.2837837837844828
197.txt,0.537473233404711,0.032134902958950246,0.07282309258567493,0.11963793781969698,0.07056451612903225,0.07407407407407407,0.06616257088826087,0.34285714285693714,0.031055900621142857,0.09583333333333333,0.304347826087,0.0797101449275,0.314285714286,0.041666666666666664,0.2930501930508112
198.txt,0.27194860813704497,0.02458565932942428,0.08264462809917356,0.14584346135123968,0.04985337243387097,0.07407407407407407,0.06159420289869565,0.3529411764709412,0.029761904761928568,0.07272727272733334,0.5,0.09722222222216666,0.411764705882,0.041666666666666664,0.3147853736094199
199.txt,0.40899357601713066,0.02139675469296227,0.0790795657107438,0.11202938475661157,0.06048387096774194,0.08496732026148149,0.07672634271086956,0.360000000000144,0.037815126050428575,0.07083333333333333,0.352941176471,0.0,0.0,0.06372549019625,0.38648648648736633
20.txt,0.284796573875803,0.026147571804607233,0.06404958677685951,0.10674931129476584,0.0703812316716129,0.0625,0.06521739130434782,0.35000000000054,0.03125,0.09696969697,0.5625,0.020833333333333332,0.0833333333333,0.041666666666666664,0.2972972972980084
200.txt,0.4989293361884369,0.023226216990162415,0.08293460925013774,0.10366826156294766,0.06810035842290323,0.09551656920074074,0.08695652173913043,0.3789473684209516,0.04511278195485714,0.07037037037066667,0.368421052632,0.061403508771999994,0.184210526316,0.05263157894749999,0.28165007112410045
201.txt,0.537473233404711,0.017296734446000748,0.07975862521322313,0.14954742227410467,0.04105571847516129,0.08465608465592593,0.05797101449260869,0.3857142857149543,0.03061224489792857,0.06363636363633333,0.190476190476,0.047619047618999995,0.214285714286,0.06547619047625,0.5255791505795079
202.txt,0.5310492505353319,0.025612472160286514,0.08292011019283747,0.10112208560096418,0.07347670250903225,0.09259259259259259,0.08913043478260868,0.6146341463414459,0.075,0.074074074074,0.55,0.06666666666666667,0.19512195122,0.06041666666666666,0.3154251812795562
204.txt,0.4282655246252676,0.05822462615331886,0.10722610722589533,0.08499630450853994,0.1469534050180645,0.15099715099703703,0.1371237458195652,0.5560975609754224,0.10439560439571428,0.09629629629599999,0.769230769231,0.08974358974366665,0.170731707317,0.07371794871791666,0.2501647989457166
205.txt,0.12205567451820128,0.030225898822679165,0.05050505050506887,0.10822510822506888,0.07526881720419355,0.06481481481481481,0.05072463768130435,0.17142857142846857,0.011904761904785713,0.13333333333333333,0.25,0.06944444444449999,0.357142857143,0.017361111111124997,0.1592664092667743
206.txt,0.4925053533190578,0.012961861417397472,0.06496786042258954,0.10827976737066115,0.05049088359032258,0.06635802469148148,0.06521739130434782,0.23333333333289333,0.02083333333335714,0.06956521739133333,0.208333333333,0.08333333333333333,0.333333333333,0.05034722222208333,0.3592342342351121
207.txt,0.38329764453961457,0.03308940502694262,0.07519040674104684,0.10651974288333334,0.08064516129032258,0.08496732026148149,0.07672634271086956,0.5199999999998081,0.0546218487395,0.09444444444466667,0.588235294118,0.019607843137333332,0.0666666666667,0.0539215686275,0.3270270270274971
208.txt,0.22055674518201285,0.01495386573336949,0.06611570247933884,0.10232192050371901,0.056451612903225805,0.07407407407407407,0.07023411371217392,0.4571428571425829,0.043956043956071424,0.07222222222199999,0.384615384615,0.07692307692299999,0.285714285714,0.025641025641041666,0.16988416988432142
209.txt,0.16702355460385437,0.35284759783645786,0.1202938475663912,0.30073461891597797,0.1935483870967742,0.10493827160481481,0.043478260869565216,0.39999999999976005,0.0238095238095,0.4,0.333333333333,0.16666666666666666,1.0,0.08333333333333333,0.8918918918935793
21.txt,0.663811563169165,0.4974546611517626,1.0,1.0,0.08064516129032258,0.12962962962962962,0.10869565217391304,0.24000000000009603,0.03571428571428571,0.06666666666666667,0.5,0.25,0.6,0.16666666666666666,0.7135135135148635
210.txt,0.41755888650963596,0.15526566974227907,0.15182124273057854,0.12651770227534437,0.21774193548387097,0.14403292181074073,0.13043478260869565,0.80000000000072,0.14285714285714285,0.15,0.888888888889,0.09259259259266667,0.185185185185,0.15740740740749998,0.5615615615629543
211.txt,0.9635974304068524,0.04974546611517054,0.08939838265344353,0.09622742577286501,0.11612903225806452,0.10872162485074074,0.10098176718086956,0.60000000000024,0.08294930875571428,0.10333333333333333,0.774193548387,0.021505376344166664,0.0555555555556,0.07526881720416666,0.34684684684760214
212.txt,0.21413276231263384,0.0653515749284064,0.08429752066115703,0.11707988980716254,0.11612903225806452,0.08148148148148149,0.0782608695652174,0.60000000000024,0.06428571428571428,0.13333333333333333,0.6,0.08333333333333333,0.277777777778,0.041666666666666664,0.24774774774841468
215.txt,0.24411134903640258,0.07336939230034409,0.1840220385674931,0.11501377410468319,0.12903225806451613,0.16296296296296298,0.17391304347826086,0.660000000000264,0.15714285714285714,0.06666666666666667,1.0,0.09999999999999999,0.15,0.11666666666666665,0.3121621621627527
216.txt,0.24411134903640258,0.07336939230034409,0.13144431326225897,0.13531032247603306,0.1096774193548387,0.1375661375662963,0.10559006211173913,0.9882352941183954,0.14285714285714285,0.09333333333333332,0.714285714286,0.047619047618999995,0.117647058824,0.14285714285708334,0.6295707472179479
217.txt,0.09421841541755889,0.005504295259300063,0.04453627180898072,0.11134067952245179,0.038709677419354833,0.058641975308518515,0.043478260869565216,0.30000000000012,0.017857142857142856,0.08,0.25,0.027777777777833332,0.166666666667,0.027777777777791668,0.2972972972980084
219.txt,0.5995717344753748,0.03732500795417777,0.10192837465564739,0.12741046831955924,0.07258064516129031,0.09670781893,0.08695652173913043,0.39999999999976005,0.04761904761907143,0.075,0.5,0.0555555555555,0.166666666667,0.09490740740749999,0.5078828828843392
22.txt,0.15417558886509636,0.010268128308106968,0.052977325704573,0.07174012855826446,0.0703812316716129,0.07407407407407407,0.08026755852826087,0.2499999999997,0.027472527472499998,0.078787878788,0.307692307692,0.012820512820516668,0.0416666666667,0.019230769230749997,0.11148648648669741
220.txt,0.1905781584582441,0.11326757874631953,0.26078971533498624,0.09779614325068871,0.21505376344096774,0.3333333333333333,0.28985507246391307,0.660000000000264,0.26190476190499995,0.06666666666666667,1.0,0.11111111111116667,0.1,0.23611111111125,0.3790540540547712
221.txt,0.40471092077087795,0.016226535157359317,0.06666666666666667,0.13888888888842976,0.043010752688064514,0.06296296296296296,0.05217391304347826,0.30000000000012,0.021428571428571425,0.074074074074,0.2,0.041666666666666664,0.208333333333,0.05625,0.5016891891901384
222.txt,0.2569593147751606,0.013113040316220254,0.06808343171955923,0.11347238619972452,0.04838709677419355,0.06878306878296296,0.06521739130434782,0.34285714285693714,0.03061224489792857,0.06666666666666667,0.357142857143,0.0714285714285,0.285714285714,0.026785714285708334,0.1911196911198616
223.txt,0.25910064239828695,0.01924912503976468,0.05991735537190083,0.11983471074380164,0.05376344086032258,0.06018518518518518,0.05434782608695652,0.24000000000009603,0.017857142857142856,0.08888888888866667,0.1875,0.0625,0.3,0.0390625,0.33445945946009226
225.txt,0.8029978586723769,0.06526976046534562,0.15720844811735538,0.11123239253595042,0.12211981566806451,0.19012345679,0.15362318840565217,0.792452830189517,0.16666666666642857,0.07142857142866667,0.733333333333,0.12222222222216667,0.207547169811,0.11111111111125,0.33656297807301516
226.txt,0.40042826552462524,0.04645243398026756,0.09445100354214876,0.09722897423429752,0.1096774193548387,0.10582010582,0.10559006211173913,0.4941176470585976,0.07142857142857142,0.09333333333333332,0.642857142857,0.15476190476183332,0.382352941176,0.0565476190475,0.24920508744095796
227.txt,0.5653104925053534,0.12901686286976854,0.08732782369146005,0.10649734596515151,0.22043010752677417,0.08888888888888888,0.08913043478260868,0.6731707317074693,0.08214285714285713,0.222222222222,0.7,0.024999999999999998,0.0731707317073,0.07708333333333334,0.4024390243908965
228.txt,0.2633832976445396,0.06172446706957724,0.09696969696969698,0.11544011544008263,0.11290322580645161,0.0962962962962963,0.09130434782608696,0.5142857142854057,0.06428571428571428,0.11111111111133333,0.7,0.049999999999999996,0.142857142857,0.075,0.3822393822401691
229.txt,0.04282655246252677,0.18676423798917713,0.4022038567493113,0.10055096418732783,0.3225806451612903,0.4074074074074074,0.43478260869565216,0.48000000000019205,0.2857142857142857,0.06666666666666667,1.0,0.3333333333333333,0.2,0.375,0.4013513513521107
23.txt,0.43254817987152033,0.09942729875914158,0.10035419126336088,0.14049586776859505,0.13440860215064518,0.11640211640222221,0.07763975155260869,0.4320000000001728,0.04591836734692857,0.15555555555533335,0.5,0.023809523809499997,0.08,0.08630952380958332,0.517297297298276
230.txt,0.25267665952890794,0.018533248488698816,0.05542051531349862,0.11216056670606062,0.056451612903225805,0.06318082788666667,0.05370843989782609,0.17142857142846857,0.012605042016785714,0.09444444444466667,0.176470588235,0.029411764705833333,0.142857142857,0.03676470588233333,0.3185328185335486
231.txt,0.34475374732334046,0.018580973592198655,0.07369146005509641,0.1052735143644628,0.06021505376354839,0.09027777777777778,0.07608695652173914,0.5571428571434229,0.05803571428571428,0.07111111111133334,0.5625,0.041666666666666664,0.142857142857,0.06510416666666666,0.3981660231667128
232.txt,0.6809421841541756,0.036748329621342904,0.1075830071046832,0.10872750718016529,0.08422939068096774,0.1189083820662963,0.10755148741434782,0.5872340425538349,0.08646616541357142,0.07037037037066667,0.526315789474,0.061403508771999994,0.148936170213,0.06578947368416665,0.2846463484764845
233.txt,0.23554603854389722,0.04440707240575274,0.12829594647768594,0.11816731912424243,0.08755760368677419,0.13227513227518517,0.11801242236043477,0.6315789473690527,0.10204081632642856,0.06666666666666667,0.857142857143,0.16666666666666666,0.368421052632,0.11309523809541666,0.44594594594678966
234.txt,0.23982869379014987,0.0722239898186387,0.15151515151515152,0.17482517482506887,0.08387096774193549,0.12962962962962962,0.09420289855086955,0.3692307692305477,0.04761904761907143,0.08,0.666666666667,0.194444444445,0.538461538462,0.09722222222208333,0.4802494802490167
235.txt,0.25910064239828695,0.023023746854527665,0.06391184573002755,0.09218054672603306,0.07624633431096774,0.07654320987666667,0.07536231884043479,0.60000000000024,0.06190476190478571,0.09090909090933333,0.533333333333,0.022222222222166663,0.0769230769231,0.06111111111124999,0.3773388773396599
236.txt,0.19486081370449676,0.03663469842271101,0.07933884297520662,0.10439321444104684,0.08755760368677419,0.09259259259259259,0.08260869565217391,0.31578947368452637,0.03571428571428571,0.095238095238,0.4,0.016666666666666666,0.0526315789474,0.07083333333333333,0.3990042674259576
237.txt,0.0278372591006424,0.1667196945593329,0.36363636363636365,0.1298701298701102,0.22580645161290322,0.2962962962962963,0.30434782608695654,0.8571428571435428,0.3571428571428571,0.06666666666666667,1.0,1.0,0.857142857143,0.25,0.3822393822401691
238.txt,0.23340471092077086,0.07050588609608062,0.1115702479338843,0.10625737898471074,0.13548387096774195,0.1111111111111111,0.11413043478260869,0.6285714285722515,0.09821428571428571,0.10666666666666667,0.625,0.08333333333333333,0.190476190476,0.08333333333333333,0.33976833976908877
239.txt,0.19700214132762311,0.03704377073772852,0.08876645240275483,0.1174850105331956,0.07834101382483871,0.09053497942370371,0.0821256038647826,0.3529411764709412,0.039682539682571426,0.085714285714,0.333333333333,0.11111111111116667,0.352941176471,0.06944444444458334,0.3934817170116634
24.txt,0.12633832976445397,0.2984409799554521,0.6170798898071626,0.11019283746556474,0.45161290322580644,0.5925925925925926,0.6086956521739131,0.60000000000024,0.5,0.06666666666666667,1.0,0.8333333333333333,0.357142857143,0.4583333333333333,0.3503861003866359
240.txt,0.11349036402569594,0.02108995045691391,0.07300275482093664,0.11231193049380164,0.059907834101290316,0.06944444444444445,0.07065217391304347,0.3692307692305477,0.03571428571428571,0.07619047619066667,0.625,0.08333333333333333,0.307692307692,0.046875,0.3087318087325301
241.txt,0.014989293361884357,0.020680878141896408,0.08264462809917356,0.10330578512396695,0.06451612903225806,0.10185185185185185,0.08695652173913043,0.45000000000018003,0.05357142857142857,0.06666666666666667,0.75,0.0,0.0,0.03125,0.16722972973004613
242.txt,0.14346895074946464,0.026816962865440826,0.11019283746556474,0.13774104683195593,0.05529953917064516,0.09259259259259259,0.08695652173913043,0.30000000000012,0.03571428571428571,0.05714285714286666,0.5,0.0555555555555,0.166666666667,0.10416666666666666,0.5574324324334871
243.txt,0.47323340471092074,0.026765828825956264,0.07548209366391184,0.1397816549325069,0.05443548387096774,0.06481481481481481,0.058695652173913045,0.22222222222208887,0.017857142857142856,0.08333333333333333,0.3,0.14166666666666666,0.62962962963,0.03958333333333333,0.3138138138145397
244.txt,0.29336188436830835,0.1137448297804589,0.13085399449035812,0.12462285189559229,0.1693548387096774,0.15740740740740738,0.11413043478260869,0.6285714285722515,0.09821428571428571,0.13333333333333333,0.75,0.08333333333333333,0.190476190476,0.07291666666666666,0.2972972972980084
245.txt,0.0449678800856531,0.18962774419344058,0.40771349862258954,0.10192837465564739,0.3225806451612903,0.5555555555555556,0.43478260869565216,0.9600000000003841,0.5714285714285714,0.06666666666666667,1.0,0.3333333333333333,0.2,0.41666666666666663,0.44594594594678966
246.txt,0.297644539614561,0.03270760419980294,0.09616829451515152,0.12021036814421487,0.07096774193548387,0.09764309764296296,0.08695652173913043,0.60000000000024,0.07142857142857142,0.07333333333333333,0.545454545455,0.09090909090916667,0.272727272727,0.05303030303041667,0.2837837837844828
247.txt,0.24197002141327623,0.13617562838042718,0.30486685032121214,0.0952708907254821,0.25806451612903225,0.35802469135814813,0.34782608695652173,0.80000000000072,0.3809523809521428,0.06666666666666667,1.0,0.16666666666666666,0.125,0.3333333333333333,0.44594594594678966
248.txt,0.12633832976445397,0.0579064587973214,0.15426997245179064,0.09074704261873279,0.13709677419354838,0.17592592592592593,0.18478260869565216,0.5647058823530259,0.14285714285714285,0.06666666666666667,0.75,0.08333333333333333,0.117647058824,0.11458333333333333,0.28855325914185675
249.txt,0.28693790149892934,0.03722558065548226,0.10303030303030303,0.12265512265509643,0.07526881720419355,0.0962962962962963,0.09130434782608696,0.39999999999976005,0.049999999999999996,0.074074074074,0.2,0.049999999999999996,0.142857142857,0.07083333333333333,0.36100386100462895
25.txt,0.16916488222698073,0.05332484887049986,0.06060606060606061,0.13986013985950413,0.08387096774193549,0.058641975308518515,0.04710144927521739,0.09230769230775693,0.00595238095237857,0.16,0.0833333333333,0.027777777777833332,0.153846153846,0.0625,0.6174636174668439
250.txt,0.25481798715203424,0.10085905186127331,0.18953168044077134,0.098714416896281,0.1935483870967742,0.2,0.20869565217391303,0.65000000000066,0.18571428571428572,0.08333333333333333,0.6,0.16666666666666666,0.208333333333,0.13333333333333333,0.2972972972980084
251.txt,0.36616702355460384,0.036039684146478124,0.11219634360110194,0.11866920957823691,0.07624633431096774,0.12121212121222222,0.10276679841913043,0.692307692307877,0.09740259740285713,0.06666666666666667,0.909090909091,0.060606060605999997,0.153846153846,0.08712121212124999,0.39449064449121934
252.txt,0.24197002141327623,0.037146038816411306,0.09146005509641875,0.1203421777584022,0.07661290322580645,0.08518518518518517,0.08260869565217391,0.3789473684209516,0.04285714285714285,0.08333333333333333,0.6,0.18333333333333335,0.578947368421,0.075,0.4224751066865966
253.txt,0.03211991434689508,0.010181355392834938,0.062442607896969704,0.10407101316198347,0.04838709677419355,0.06790123456777777,0.06521739130434782,0.39999999999976005,0.03571428571428571,0.06666666666666667,0.5,0.027777777777833332,0.111111111111,0.07638888888874999,0.5450450450450853
254.txt,0.29978586723768735,0.027969803025606286,0.08861340679504133,0.12659058113608815,0.06158357771258064,0.07716049382703703,0.07608695652173914,0.5142857142854057,0.05357142857142857,0.07272727272733334,0.583333333333,0.0555555555555,0.190476190476,0.08333333333333333,0.5096525096547481
255.txt,0.5053533190578159,0.021283721553350437,0.07961432506887052,0.12062776525592286,0.05602716468580645,0.08148148148148149,0.0717391304347826,0.43636363636337455,0.04285714285714285,0.07017543859666667,0.5,0.049999999999999996,0.181818181818,0.049999999999999996,0.32432432432505953
256.txt,0.15417558886509636,0.33566656061087713,0.05739210284683195,0.07826195842727272,0.7096774193548387,0.07716049382703703,0.0797101449273913,0.49090909090939633,0.05357142857142857,0.8,0.416666666667,0.013888888888883332,0.0454545454545,0.04513888888874999,0.2635135135139715
257.txt,0.8201284796573877,0.03718012817597223,0.10009182736473829,0.1334557698194215,0.06912442396322581,0.09104938271592593,0.08152173913043478,0.5066666666666026,0.056547619047642855,0.07619047619066667,0.625,0.0625,0.2,0.10590277777791665,0.6045045045076303
258.txt,0.47323340471092074,0.056188355074763316,0.07945483543581268,0.0943526170798898,0.12903225806451613,0.08771929824555555,0.09153318077782609,0.630000000000252,0.07894736842071429,0.12666666666666665,0.736842105263,0.0701754385965,0.2,0.06140350877208334,0.3121621621627527
259.txt,0.3426124197002141,0.04549793191227519,0.1303948576677686,0.16299357208402204,0.06451612903225806,0.11522633744851851,0.08695652173913043,0.60000000000024,0.07142857142857142,0.06666666666666667,0.555555555556,0.14814814814816665,0.444444444444,0.13888888888875,0.743243243246136
26.txt,0.18629550321199145,0.02783964365255506,0.08570554025123966,0.10149340292878788,0.07661290322580645,0.09465020576148146,0.09178743961347827,0.5052631578950021,0.06349206349207143,0.075,0.777777777778,0.0555555555555,0.157894736842,0.07407407407416666,0.37553342816576457
260.txt,0.49036402569593146,0.02522879976038196,0.08177468464573004,0.15537190082644628,0.04743833017064516,0.06237816764148148,0.05720823798608696,0.2880000000001152,0.02255639097742857,0.07450980392133333,0.263157894737,0.08771929824566667,0.4,0.08333333333333333,0.6778378378391203
261.txt,0.9379014989293364,0.05583837098319476,0.14238074525179065,0.1779759315647383,0.06810035842290323,0.1111111111111111,0.08695652173913043,0.5684210526314274,0.06766917293235714,0.07037037037066667,0.473684210526,0.09649122807016666,0.289473684211,0.15789473684208333,0.844950213374977
262.txt,0.29978586723768735,0.014572064906229813,0.06255064009090909,0.11558270451556474,0.04946236559129032,0.06100217864925926,0.05882352941173912,0.2608695652177043,0.021008403361357144,0.07555555555533333,0.117647058824,0.029411764705833333,0.130434782609,0.03186274509804166,0.252056404230639
263.txt,0.35974304068522484,0.04101177219216699,0.11069371399944904,0.09819603661239669,0.1,0.12457912457925925,0.12252964426869564,0.5806451612906323,0.09740259740285713,0.07333333333333333,0.636363636364,0.015151515151516666,0.0322580645161,0.10606060606041667,0.4027898866617891
264.txt,0.25910064239828695,0.10229080496340505,0.15977961432506887,0.09586776859504133,0.20161290322580644,0.17901234567888888,0.18115942029,0.5280000000002112,0.13095238095214284,0.1,0.833333333333,0.13888888888883333,0.2,0.1319444444445833,0.33891891891956016
265.txt,0.21199143468950749,0.02608972319442587,0.0837465564738292,0.12315670069683195,0.0609318996416129,0.07037037037037036,0.07391304347826086,0.4235294117653694,0.04285714285714285,0.074074074074,0.5,0.09999999999999999,0.352941176471,0.049999999999999996,0.3147853736094199
267.txt,0.7623126338329765,0.04662087552166114,0.1251913070093664,0.160960251869146,0.06641366223903226,0.10493827160481481,0.08454106280173913,0.5828571428570332,0.0674603174602857,0.07058823529399999,0.611111111111,0.10185185185183333,0.314285714286,0.11342592592583334,0.6243243243255054
268.txt,0.13704496788008563,0.14524339802735695,0.3223140495867769,0.13429752066115702,0.1935483870967742,0.2777777777777778,0.2608695652173913,1.0,0.3571428571428571,0.06666666666666667,1.0,0.25,0.25,0.47916666666666663,0.8547297297328333
269.txt,0.0835117773019272,0.10944957047406369,0.10137741046831955,0.08448117539022039,0.24193548387096775,0.1111111111111111,0.13043478260869565,0.80000000000072,0.14285714285714285,0.16666666666666666,1.0,0.03333333333333333,0.0666666666667,0.11666666666666665,0.416216216216855
27.txt,0.06209850107066382,0.21253579382754828,0.07529843893498622,0.07059228650137742,0.5161290322580645,0.10493827160481481,0.11594202898565216,0.7500000000003,0.11904761904785714,0.4,0.833333333333,0.0,0.0,0.07638888888874999,0.30658783783841786
270.txt,0.4154175588865096,0.03666878778227195,0.09720582447878788,0.13085399449035812,0.06989247311838709,0.09259259259259259,0.0807453416147826,0.4153846153849662,0.04591836734692857,0.077777777778,0.5,0.03571428571433333,0.115384615385,0.053571428571249996,0.3087318087325301
271.txt,0.2633832976445396,0.013726648788603333,0.06926406926391185,0.09696969696969697,0.05760368663580645,0.0661375661374074,0.07763975155260869,0.4320000000001728,0.04591836734692857,0.06666666666666667,0.357142857143,0.023809523809499997,0.08,0.044642857142916666,0.26756756756807376
272.txt,0.18843683083511775,0.07866687877823149,0.07768595041322314,0.12947658402203857,0.12096774193548387,0.07777777777777778,0.06521739130434782,0.39999999999976005,0.03571428571428571,0.16666666666666666,0.4,0.09999999999999999,0.4,0.07916666666666666,0.56486486486742
273.txt,0.37044967880085655,0.07017862824412391,0.1778827233371901,0.11972875609242423,0.11981566820290322,0.19576719576703702,0.16149068323,0.9230769230775692,0.20408163265285711,0.06666666666666667,0.714285714286,0.14285714285716666,0.230769230769,0.18452380952374997,0.5317047817068168
274.txt,0.4068522483940043,0.03571428571427958,0.09563164108595042,0.12873490146212122,0.06989247311838709,0.09523809523814813,0.0807453416147826,0.5076923076926031,0.05612244897957143,0.077777777778,0.5,0.10714285714283334,0.346153846154,0.0684523809525,0.39449064449121934
275.txt,0.139186295503212,0.3156220171810329,0.21671258034876031,0.09029690847878788,0.5806451612903225,0.27160493827148147,0.2608695652173913,0.7333333333334934,0.26190476190499995,0.2,1.0,0.16666666666666666,0.166666666667,0.29166666666666663,0.5202702702727411
276.txt,0.32762312633832974,0.023103844930251496,0.08107044470688705,0.14187327823691462,0.049627791563225804,0.07671957671962962,0.06211180124217391,0.42000000000016796,0.03571428571428571,0.07179487179466666,0.285714285714,0.047619047618999995,0.2,0.09821428571416665,0.7358108108122029
277.txt,0.8972162740899359,0.03404390709522134,0.09631670237741048,0.1477585775110193,0.05913978494612903,0.08641975308629629,0.07085346215782608,0.4090909090909637,0.039682539682571426,0.075,0.444444444444,0.07407407407399999,0.272727272727,0.08179012345666667,0.5371621621652055
278.txt,0.4025695931477516,0.02702149902280641,0.08852157943085401,0.11855568673746555,0.06451612903225806,0.09876543209888888,0.08115942028999999,0.4714285714285886,0.05238095238092857,0.07142857142866667,0.6,0.07777777777783333,0.25,0.06388888888875,0.3663127413136255
279.txt,0.835117773019272,0.03538888728208103,0.10612049347217631,0.12982826329049588,0.0689149560116129,0.11755233494370369,0.0888468809073913,0.5617021276598246,0.06832298136642857,0.06969696969666667,0.521739130435,0.0797101449275,0.234042553191,0.06884057970999999,0.3605520414038443
28.txt,0.2312633832976445,0.01614699331857471,0.08064112196363638,0.14784205693250688,0.04032258064516129,0.07070707070703702,0.059288537549565215,0.080000000000072,0.006493506493507143,0.061111111111133334,0.0909090909091,0.0757575757575,0.333333333333,0.045454545454583335,0.35675675675743174
280.txt,0.2698072805139186,0.14858415526575977,0.06574839302093664,0.09131721252933885,0.29032258064516125,0.07160493827148148,0.0782608695652174,0.17777777777767112,0.019047619047642857,0.3333333333333333,0.333333333333,0.03333333333333333,0.111111111111,0.049999999999999996,0.2972972972980084
281.txt,0.0449678800856531,0.007999636380076412,0.04530149984694214,0.11325374961735536,0.041474654377741935,0.053497942386666664,0.043478260869565216,0.13333333333325334,0.0079365079365,0.085714285714,0.111111111111,0.018518518518499998,0.111111111111,0.03240740740741666,0.34684684684760214
282.txt,0.29336188436830835,0.1137448297804589,0.1046831955922865,0.1046831955922865,0.20161290322580644,0.1111111111111111,0.10869565217391304,0.5760000000002304,0.0857142857142857,0.16666666666666666,0.7,0.049999999999999996,0.12,0.08333333333333333,0.35675675675743174
283.txt,0.04282655246252677,0.029987273305752658,0.08044077134986226,0.10055096418732783,0.08064516129032258,0.10370370370370369,0.08695652173913043,0.24000000000009603,0.02857142857142857,0.08333333333333333,0.6,0.0,0.0,0.049999999999999996,0.26756756756807376
284.txt,0.40042826552462524,0.04020478408010843,0.11019283746556474,0.13774104683195593,0.0703812316716129,0.10802469135814814,0.08695652173913043,0.5000000000006,0.059523809523785706,0.07272727272733334,0.5,0.06944444444449999,0.208333333333,0.09722222222208333,0.5202702702727411
285.txt,0.3854389721627409,0.0253852097633091,0.09169618260550964,0.17829813284297522,0.041474654377741935,0.07407407407407407,0.05590062111782608,0.2666666666665067,0.020408163265285714,0.06666666666666667,0.285714285714,0.03571428571433333,0.166666666667,0.08333333333333333,0.6936936936969881
286.txt,0.30406852248394006,0.024260260897225733,0.09767092411735538,0.10743801652892562,0.06720430107516129,0.09427609427592593,0.09881422924913044,0.48000000000019205,0.06493506493507142,0.061111111111133334,0.454545454545,0.0757575757575,0.2,0.05303030303041667,0.24972972973020224
287.txt,0.13062098501070663,0.018533248488698816,0.05234159779614325,0.0981404958677686,0.06451612903225806,0.05246913580259259,0.05797101449260869,0.07500000000003,0.00595238095237857,0.1,0.166666666667,0.013888888888883332,0.0625,0.04513888888874999,0.3623310810817666
288.txt,0.4068522483940043,0.014351022321915461,0.06375442739063361,0.11541749786267218,0.04923599320870967,0.07407407407407407,0.0600414078673913,0.372413793103349,0.03061224489792857,0.07368421052600001,0.333333333333,0.015873015873016667,0.0689655172414,0.06746031746041667,0.5228331780050433
289.txt,0.2248394004282655,0.12853961183591556,0.0791384923614325,0.10363373999738291,0.22580645161290322,0.08080808080814815,0.08300395256913043,0.39999999999976005,0.04545454545457142,0.24444444444466665,0.363636363636,0.060606060605999997,0.190476190476,0.06818181818166666,0.3822393822401691
29.txt,0.815845824411135,0.0369074132994848,0.09564738292011019,0.13284358738898072,0.06912442396322581,0.10222222222222221,0.0782608695652174,0.5333333333330134,0.05714285714285714,0.07936507936533334,0.56,0.07333333333333333,0.244444444444,0.11166666666666666,0.6639639639657157
290.txt,0.08137044967880085,0.0645879732738407,0.1671258034892562,0.08356290174476584,0.16129032258064516,0.20987654321,0.21739130434782608,0.560000000000624,0.16666666666642857,0.06666666666666667,0.666666666667,0.11111111111116667,0.133333333333,0.11111111111125,0.2378378378381392
292.txt,0.21627408993576014,0.026726057906420794,0.08484848484848485,0.11784511784517906,0.06451612903225806,0.0962962962962963,0.0782608695652174,0.46666666666698664,0.049999999999999996,0.074074074074,0.6,0.06666666666666667,0.222222222222,0.029166666666666664,0.17342342342380107
293.txt,0.46466809421841543,0.020680878141896408,0.07829491083085399,0.11621900826446281,0.057347670250967736,0.08187134502925926,0.07322654462260869,0.487500000000195,0.04887218045114285,0.07037037037066667,0.578947368421,0.03508771929816666,0.125,0.06359649122791666,0.40413851351427815
30.txt,0.5995717344753748,0.07308304167991773,0.0833959429002755,0.09971254042396695,0.14838709677419354,0.08754208754222222,0.09090909090913042,0.4956521739133983,0.061688311688285716,0.14666666666666667,0.5,0.04545454545449999,0.130434782609,0.054924242424166665,0.2811398354883292
31.txt,0.18629550321199145,0.07795100222716562,0.12855831037630855,0.13774104683195593,0.11290322580645161,0.10493827160481481,0.10144927536217392,0.5142857142854057,0.07142857142857142,0.1,0.666666666667,0.22222222222166665,0.571428571429,0.11805555555541666,0.5415057915087272
32.txt,0.16702355460385437,0.07150811326757284,0.1031090122,0.12888626524986224,0.11290322580645161,0.11640211640222221,0.08695652173913043,0.5142857142854057,0.061224489795928566,0.11666666666666667,0.571428571429,0.0714285714285,0.214285714286,0.07738095238083333,0.4140926640932564
33.txt,0.19700214132762311,0.11613108495058298,0.15977961432506887,0.09078387177561985,0.2365591397848387,0.1925925925925926,0.19130434782608696,0.7636363636371054,0.19999999999999998,0.11111111111133333,1.0,0.06666666666666667,0.0909090909091,0.175,0.4256756756762783
34.txt,0.6145610278372592,0.026407890550423332,0.08514901076859505,0.1419150179476584,0.0532258064516129,0.0774410774411111,0.06521739130434782,0.3272727272725309,0.02922077922078571,0.07333333333333333,0.363636363636,0.030303030302999998,0.121212121212,0.09280303030291666,0.6621621621640906
35.txt,0.3875802997858672,0.03356665606108199,0.0758385999030303,0.14650638617630854,0.05913978494612903,0.06535947712407407,0.05626598465478261,0.2727272727277091,0.021008403361357144,0.09444444444466667,0.352941176471,0.04901960784316667,0.227272727273,0.07598039215666666,0.6283783783791618
36.txt,0.15203426124197,0.007317849188571476,0.05693296602369147,0.09488827670647383,0.04838709677419355,0.08333333333333333,0.06521739130434782,0.39999999999976005,0.03571428571428571,0.06666666666666667,0.5,0.027777777777833332,0.111111111111,0.024305555555541664,0.17342342342380107
37.txt,0.3361884368308351,0.02783964365255506,0.07231404958677687,0.10330578512396695,0.07526881720419355,0.07870370370370369,0.07608695652173914,0.3857142857149543,0.040178571428571425,0.08888888888866667,0.5,0.07291666666666666,0.25,0.033854166666666664,0.2070463320468512
38.txt,0.2226980728051392,0.007699650015997504,0.05766758494049587,0.098297019784573,0.04731182795709677,0.07901234567888889,0.06376811594217391,0.49090909090939633,0.04285714285714285,0.06666666666666667,0.4,0.0555555555555,0.227272727273,0.041666666666666664,0.3040540540545482
39.txt,0.06209850107066382,0.011272214899357372,0.06454151908705234,0.0806768988586777,0.06451612903225806,0.07936507936518518,0.08695652173913043,0.60000000000024,0.07142857142857142,0.06666666666666667,0.714285714286,0.0,0.0,0.041666666666666664,0.22297297297339483
40.txt,0.297644539614561,0.25262488068723676,0.11753902662975207,0.12021036814421487,0.3548387096774194,0.1111111111111111,0.10628019323652174,0.6545454545462619,0.09523809523785713,0.3,0.888888888889,0.07407407407399999,0.181818181818,0.10185185185166667,0.44594594594678966
41.txt,0.10278372591006425,0.03557111040406641,0.09274563820000001,0.17389807162534435,0.05161290322580645,0.05555555555555555,0.05797101449260869,0.45000000000018003,0.03571428571428571,0.08,0.333333333333,0.13888888888883333,0.625,0.04861111111125,0.39020270270344093
42.txt,0.39614561027837264,0.026407890550423332,0.09366391184573003,0.15610651974242426,0.04838709677419355,0.08730158730148148,0.06521739130434782,0.34285714285693714,0.03061224489792857,0.06666666666666667,0.5,0.05952380952383333,0.238095238095,0.09821428571416665,0.7007722007741637
43.txt,0.2184154175588865,0.42157174673878095,0.14233241505950414,0.11861034588305785,0.5806451612903225,0.13580246913592592,0.13043478260869565,0.60000000000024,0.10714285714285714,0.4,0.833333333333,0.08333333333333333,0.166666666667,0.15972222222208332,0.5698198198218889
44.txt,0.828693790149893,0.0325084037681771,0.09696969696969698,0.15948963317355372,0.053295932678709676,0.07407407407407407,0.06608695652173913,0.5368421052638147,0.04857142857142857,0.072463768116,0.48,0.04666666666666667,0.184210526316,0.10166666666666666,0.7158605974387868
45.txt,0.3361884368308351,0.044543429843996465,0.1051840721261708,0.12576356449876033,0.08243727598580644,0.08417508417518518,0.09090909090913042,0.5217391304354086,0.06493506493507142,0.08148148148133334,0.636363636364,0.12121212121216665,0.347826086957,0.098484848485,0.50411280846217
46.txt,0.5824411134903641,0.013522112631237756,0.061745986510743804,0.10658533385812673,0.052109181141290324,0.06641123882518518,0.06296851574217391,0.39999999999976005,0.03448275862071428,0.07435897435866666,0.379310344828,0.07471264367816666,0.309523809524,0.02011494252875,0.14864864864878125
47.txt,0.4796573875802998,0.034384800690830636,0.07267479994765841,0.11561899991652894,0.07603686635935483,0.08289241622592593,0.06832298136652173,0.39999999999976005,0.03741496598642857,0.1,0.47619047619,0.0555555555555,0.212121212121,0.07738095238083333,0.527027027028835
48.txt,0.09421841541755889,0.0029792034246261707,0.04453627180898072,0.07859342083939394,0.04985337243387097,0.058641975308518515,0.06159420289869565,0.3529411764709412,0.029761904761928568,0.07272727272733334,0.25,0.027777777777833332,0.117647058824,0.03472222222220833,0.26232114467473955
49.txt,0.3404710920770878,0.0053220721372001616,0.04326089174573003,0.07684500507465565,0.055718475073225804,0.05898491083666666,0.06119162640913044,0.44210526315857684,0.037037037037071424,0.08181818181799999,0.407407407407,0.024691358024666668,0.105263157895,0.023148148148166667,0.17603129445256277
50.txt,0.24625267665952888,0.4587973273942059,0.08414725770082644,0.08900190718374656,0.8387096774193548,0.09427609427592593,0.10276679841913043,0.692307692307877,0.09740259740285713,0.7333333333333333,0.727272727273,0.060606060605999997,0.153846153846,0.08712121212124999,0.39449064449121934
51.txt,0.26124197002141325,0.02783964365255506,0.0876533934385675,0.10043617998168045,0.07741935483870967,0.10101010100999999,0.09486166007913044,0.60000000000024,0.07792207792214285,0.07333333333333333,0.727272727273,0.060606060605999997,0.166666666667,0.06060606060625,0.2972972972980084
52.txt,0.5910064239828694,0.033145552207598045,0.07881183375261709,0.12247784975055095,0.07020872865290322,0.07568438003222222,0.0699432892247826,0.4216216216213686,0.04037267080742857,0.09019607843133333,0.478260869565,0.14492753623183333,0.540540540541,0.05072463768125,0.337472607743625
53.txt,0.22698072805139186,0.028316894686694422,0.08760330578512397,0.10428964974421488,0.07526881720419355,0.09259259259259259,0.09130434782608696,0.5714285714282286,0.07142857142857142,0.074074074074,0.6,0.06666666666666667,0.190476190476,0.075,0.3822393822401691
55.txt,0.32548179871520344,0.02664651606734984,0.0868828141553719,0.14118457300275483,0.05376344086032258,0.09686609686592593,0.06688963210695652,0.360000000000144,0.032967032966999994,0.07222222222199999,0.384615384615,0.051282051282,0.2,0.08653846153833333,0.6020270270281661
56.txt,0.3361884368308351,0.03786191536747717,0.06806028196418733,0.09974351667134987,0.09354838709677418,0.06318082788666667,0.07416879795391304,0.372413793103349,0.037815126050428575,0.11333333333333333,0.588235294118,0.05882352941183333,0.206896551724,0.029411764705874997,0.18452935694337616
57.txt,0.48608137044967886,0.02783964365255506,0.08570554025123966,0.1244112681063361,0.0625,0.07818930041148148,0.07487922705304348,0.4258064516125703,0.04365079365078572,0.075,0.388888888889,0.07407407407399999,0.258064516129,0.0925925925925,0.5754141238044671
58.txt,0.49036402569593146,0.02819758192808799,0.09139523578016528,0.13394129381584022,0.05846774193548387,0.0915032679737037,0.07416879795391304,0.4551724137937821,0.04621848739492857,0.07083333333333333,0.588235294118,0.0392156862745,0.137931034483,0.08823529411749999,0.5535880708283446
59.txt,0.3340471092077088,0.02376465405411406,0.08225108225123967,0.137085137085124,0.052109181141290324,0.09259259259259259,0.06521739130434782,0.34285714285693714,0.03061224489792857,0.07179487179466666,0.428571428571,0.10714285714283334,0.428571428571,0.07738095238083333,0.5521235521267203
60.txt,0.3340471092077088,0.004931594018447373,0.05006587615283747,0.08225108225110192,0.05131964809387097,0.05797101449259259,0.06616257088826087,0.34285714285693714,0.031055900621142857,0.06969696969666667,0.260869565217,0.02173913043483333,0.0857142857143,0.025362318840583334,0.17837837837871587
61.txt,0.5160599571734477,0.015995140716633893,0.07713498622589532,0.15575333757162535,0.03812316715548387,0.07054673721333332,0.053830227743478266,0.4153846153849662,0.03061224489792857,0.06363636363633333,0.285714285714,0.0079365079365,0.0384615384615,0.041666666666666664,0.3601871101876544
62.txt,0.42184154175588867,0.04931594018453102,0.09838646202258954,0.12753800632589532,0.08709677419354839,0.0978835978837037,0.08385093167695652,0.5333333333330134,0.061224489795928566,0.09333333333333332,0.571428571429,0.05952380952383333,0.185185185185,0.09821428571416665,0.5450450450450853
63.txt,0.42184154175588867,0.01749920458163549,0.0724952878060606,0.10434927790303031,0.05913978494612903,0.07407407407407407,0.07551487414173913,0.3636363636361455,0.03759398496242857,0.07037037037066667,0.526315789474,0.061403508771999994,0.212121212121,0.05701754385958333,0.3513513513521107
64.txt,0.3361884368308351,0.02783964365255506,0.1051840721261708,0.18078512396694216,0.043010752688064514,0.08417508417518518,0.06324110671956522,0.45000000000018003,0.03896103896107143,0.061111111111133334,0.272727272727,0.13636363636366666,0.5625,0.10606060606041667,0.7804054054068819
65.txt,0.8029978586723769,0.03900731784918256,0.06935666828705235,0.1052735143644628,0.09032258064516129,0.08061002178666667,0.07161125319695652,0.4714285714285886,0.04621848739492857,0.11333333333333333,0.441176470588,0.029411764705833333,0.107142857143,0.044117647058749994,0.2866795366800154
66.txt,0.5931477516059958,0.009226853324842566,0.05347593582887052,0.10330578512396695,0.04731182795709677,0.06753812636148147,0.05626598465478261,0.35454545454614184,0.027310924369714284,0.07555555555533333,0.294117647059,0.029411764705833333,0.136363636364,0.023284313725499998,0.19256756756785082
67.txt,0.31263383297644537,0.03471205854278736,0.09136822773168045,0.11421028466487604,0.07741935483870967,0.08641975308629629,0.08695652173913043,0.39999999999976005,0.04761904761907143,0.08,0.583333333333,0.125,0.375,0.09027777777791665,0.4831081081075356
68.txt,0.17130620985010708,0.007024156244728012,0.06661657901322314,0.11449724517906336,0.03970223325064516,0.07070707070703702,0.06324110671956522,0.22500000000009002,0.0194805194805,0.05641025641026667,0.181818181818,0.04545454545449999,0.1875,0.045454545454583335,0.33445945946009226
69.txt,1.0,0.008116514184530754,0.05509641873278237,0.09947964493415978,0.047399605003225806,0.06054131054148148,0.06020066889652174,0.35000000000054,0.028846153846142853,0.07074829932,0.326923076923,0.041666666666666664,0.180555555556,0.02483974358975,0.19200450450506598
7.txt,0.15417558886509636,0.028862324439669292,0.07652280379559229,0.12298307752851241,0.06451612903225806,0.07818930041148148,0.06763285024173912,0.4285714285717714,0.039682539682571426,0.085714285714,0.444444444444,0.0555555555555,0.214285714286,0.055555555555416664,0.3822393822401691
70.txt,0.4346895074946467,0.01631026340899788,0.07423517471349862,0.09530191348374656,0.06281833616290322,0.07602339181296296,0.08466819221956522,0.45405405405378163,0.052631578947357135,0.06666666666666667,0.684210526316,0.08771929824566667,0.27027027027,0.05482456140333333,0.30131482834257006
71.txt,0.2955032119914347,0.08711422208080871,0.21046831955922868,0.1143849562822314,0.14838709677419354,0.2444444444444444,0.19999999999999998,0.5739130434782296,0.15714285714285714,0.06666666666666667,0.8,0.09999999999999999,0.130434782609,0.2333333333333333,0.5428907168057568
72.txt,0.06423982869379015,0.09656379255487813,0.15243342516088154,0.08794236066969698,0.2096774193548387,0.1975308641974074,0.18840579710130434,0.6461538461546584,0.16666666666642857,0.1,0.666666666667,0.0,0.0,0.16666666666666666,0.41164241164322474
73.txt,0.8779443254817988,0.04086177900998436,0.10629017447217631,0.11188439418099173,0.08755760368677419,0.10802469135814814,0.10326086956521739,0.6315789473690527,0.08928571428571427,0.07619047619066667,0.75,0.10416666666666666,0.263157894737,0.07986111111125,0.35988620199230253
74.txt,0.3361884368308351,0.05289532293986035,0.09641873278236915,0.1071319253137741,0.10887096774193548,0.09567901234555555,0.09782608695652173,0.6666666666674667,0.08928571428571427,0.1,0.583333333333,0.027777777777833332,0.0740740740741,0.059027777777916665,0.28078078078147717
75.txt,0.16916488222698073,0.015526566974222177,0.04040404040402204,0.08264462809917356,0.07096774193548387,0.04732510288074073,0.05314009661826087,0.16363636363686546,0.011904761904785713,0.12,0.222222222222,0.009259259259266666,0.0454545454545,0.020833333333333332,0.18243243243281812
76.txt,0.0449678800856531,0.03070314985681852,0.10192837465564739,0.10192837465564739,0.08064516129032258,0.10185185185185185,0.10869565217391304,0.48000000000019205,0.07142857142857142,0.06666666666666667,0.5,0.08333333333333333,0.2,0.11458333333333333,0.4905405405414687
77.txt,0.31905781584582443,0.030312671737951196,0.09274563820000001,0.120972571565427,0.06744868035193548,0.09876543209888888,0.08333333333347827,0.5739130434782296,0.06547619047621428,0.07272727272733334,0.666666666667,0.06944444444449999,0.217391304348,0.07986111111125,0.44594594594678966
78.txt,0.5546038543897217,0.02475007116906792,0.07473948975922864,0.11614920705826447,0.06281833616290322,0.07890499194851852,0.0699432892247826,0.5189189189186076,0.049689440993785715,0.080701754386,0.652173913043,0.02898550724633333,0.108108108108,0.05978260869583333,0.3977355734120498
79.txt,0.7430406852248395,0.04136175628373555,0.12243648607272727,0.13438150910440771,0.07347670250903225,0.11316872427999998,0.09903381642521739,0.6146341463414459,0.08333333333357143,0.06666666666666667,0.722222222222,0.09259259259266667,0.243902439024,0.11111111111125,0.5220830586707176
8.txt,0.25267665952890794,0.018533248488698816,0.0628099173553719,0.09421487603305785,0.06720430107516129,0.06666666666666667,0.07246376811608696,0.4320000000001728,0.04285714285714285,0.08333333333333333,0.6,0.03333333333333333,0.12,0.04444444444458333,0.2854054054059454
80.txt,0.30406852248394006,0.03977091950374827,0.08264462809917356,0.09947964493415978,0.0967741935483871,0.10541310541296296,0.09030100334434782,0.44444444444417774,0.054945054945071424,0.09629629629599999,0.538461538462,0.038461538461499994,0.111111111111,0.08333333333333333,0.4294294294302584
81.txt,0.8051391862955033,0.054506045179758544,0.11818181818181818,0.1790633608815427,0.06653225806451613,0.09444444444444443,0.0717391304347826,0.39999999999976005,0.039285714285714285,0.08333333333333333,0.55,0.10833333333333334,0.393939393939,0.15416666666666667,1.0
82.txt,0.22055674518201285,0.027362392618415703,0.09550045913663913,0.21487603305785125,0.035842293906774195,0.05761316872444444,0.048309178743913044,0.24000000000009603,0.015873015873,0.06666666666666667,0.222222222222,0.09259259259266667,0.5,0.060185185185,0.5797297297308266
83.txt,0.6745182012847967,0.02790782237167692,0.10137741046831955,0.11788070984683197,0.06605222734258065,0.1111111111111111,0.0934782608695652,0.669767441861068,0.0857142857142857,0.06349206349206667,0.6,0.075,0.209302325581,0.07083333333333333,0.35260842237670764
84.txt,0.278372591006424,0.02139675469296227,0.06721763085399449,0.1050275482093664,0.06451612903225806,0.08641975308629629,0.06956521739130435,0.35000000000054,0.03333333333335714,0.08333333333333333,0.4,0.03333333333333333,0.125,0.041666666666666664,0.27871621621674353
85.txt,0.31905781584582443,0.030312671737951196,0.10117705985454546,0.11593204775027549,0.0703812316716129,0.10437710437703702,0.09486166007913044,0.60000000000024,0.07792207792214285,0.06666666666666667,0.727272727273,0.09090909090916667,0.25,0.08712121212124999,0.4273648648655248
86.txt,0.3426124197002141,0.013606333401934543,0.051024074739504134,0.09168388429752067,0.06072106261870967,0.059581320450740737,0.06049149338391304,0.30000000000012,0.024844720496928572,0.09019607843133333,0.391304347826,0.0072463768115999996,0.03125,0.028985507246375,0.22297297297339483
87.txt,0.5653104925053534,0.009029370138460124,0.05821854912782369,0.10154398103663911,0.04783092324806452,0.06543209876555554,0.062318840579565216,0.334883720930534,0.02857142857142857,0.06896551724133333,0.366666666667,0.049999999999999996,0.209302325581,0.03333333333333333,0.2489000628541466
88.txt,0.25267665952890794,0.22255806554247037,0.18842975206611573,0.1070623591285124,0.3548387096774194,0.16296296296296298,0.19130434782608696,0.60000000000024,0.15714285714285714,0.16666666666666666,0.8,0.03333333333333333,0.0454545454545,0.21666666666666667,0.527027027028835
89.txt,0.11563169164882227,0.03900731784918256,0.09825528007327824,0.13398447282741047,0.07096774193548387,0.09259259259259259,0.0797101449273913,0.5454545454542182,0.059523809523785706,0.08,0.5,0.08333333333333333,0.272727272727,0.09027777777791665,0.527027027028835
9.txt,0.0,0.015669742284435354,0.05840220385674931,0.12167125803484849,0.04838709677419355,0.06666666666666667,0.05217391304347826,0.0,0.0,0.08333333333333333,0.0,0.03333333333333333,0.166666666667,0.049999999999999996,0.44594594594678966
91.txt,0.4068522483940043,0.01865957964488717,0.06375442739063361,0.10459710743801653,0.06072106261870967,0.06172839506185185,0.06625258799173912,0.37500000000015,0.03401360544214285,0.08235294117666667,0.380952380952,0.031746031746,0.125,0.037698412698416665,0.26478040540590636
92.txt,0.4796573875802998,0.04983657767616323,0.1173977537614325,0.1413121110096419,0.07917888563064515,0.09971509971518518,0.09030100334434782,0.5777777777774311,0.07142857142857142,0.078787878788,0.538461538462,0.07692307692299999,0.222222222222,0.07371794871791666,0.37987987988066463
93.txt,0.20128479657387582,0.18819599109130886,0.4049586776859504,0.1012396694214876,0.3225806451612903,0.4629629629629629,0.43478260869565216,0.720000000000288,0.42857142857142855,0.06666666666666667,1.0,0.3333333333333333,0.2,0.2708333333333333,0.2898648648654133
94.txt,0.28051391862955033,0.02562693431297503,0.06336088154269973,0.08175597618415978,0.09090909090903225,0.07638888888888888,0.08423913043478261,0.4258064516125703,0.049107142857142856,0.09696969697,0.6875,0.020833333333333332,0.0645161290323,0.03645833333333333,0.20139494333089455
95.txt,0.5546038543897217,0.03356665606108199,0.07473948975922864,0.11019283746556474,0.07862903225806452,0.08695652173925926,0.07372400756130434,0.39999999999976005,0.04037267080742857,0.09583333333333333,0.347826086957,0.0434782608695,0.153846153846,0.03985507246375,0.25155925155992187
96.txt,0.16274089935760172,0.018771874005625317,0.07107438016528926,0.10452114730192838,0.0609318996416129,0.08518518518518517,0.07391304347826086,0.28235294117651294,0.02857142857142857,0.074074074074,0.4,0.13333333333333333,0.470588235294,0.029166666666666664,0.1836248012720501
97.txt,0.41327623126338325,0.03643016226534544,0.09035812672176308,0.10930418555055096,0.0833333333332258,0.09135802469148148,0.08985507246391305,0.5806451612906323,0.07142857142857142,0.08333333333333333,0.4,0.06666666666666667,0.193548387097,0.08055555555541666,0.4171752397567893
98.txt,0.3426124197002141,0.033176177942214655,0.06519742883360882,0.12224517906336088,0.0703812316716129,0.08230452674888888,0.05797101449260869,0.20000000000048002,0.015873015873,0.10909090909066667,0.222222222222,0.009259259259266666,0.0416666666667,0.041666666666666664,0.33445945946009226
99.txt,0.24411134903640258,0.046043361665250054,0.11501377410468319,0.11501377410468319,0.09216589861741935,0.10648148148148148,0.10869565217391304,0.42000000000016796,0.0625,0.07619047619066667,0.625,0.14583333333333331,0.35,0.09375,0.4013513513521107
