filename,np_elaboration,verb_vac_frequency,nouns_as_modifiers,determiners,vac_frequency,association_strength,diversity_and_frequency,possessives,frequency
C:\Users\leado\AppData\Local\Temp\_MEI97~1\parsed_files\0.txt,-4.34504184814,1.21658581737,-1.64163923806,4.35671063802,-2.30639393139,-0.497578144551,0.437357607128,0.46347156541,0.63976806745
C:\Users\leado\AppData\Local\Temp\_MEI97~1\parsed_files\1.txt,-14.7067907642,-11.9137135236,-7.46884213032,-6.62398645174,-7.07207334054,-2.50818004216,-8.57894748489,-3.07773969132,-9.87164201908
C:\Users\leado\AppData\Local\Temp\_MEI97~1\parsed_files\10.txt,-0.609644029404,-5.93115378953,-0.704595282377,4.04323838864,-2.0032109613,1.03531043877,1.59436952051,-0.647925612419,0.180326465835
C:\Users\leado\AppData\Local\Temp\_MEI97~1\parsed_files\100.txt,-4.92744844071,5.12699131939,1.97082774063,-1.57851871539,-0.0333805600383,0.626936934694,-0.243471289659,0.791962974239,1.2081992691
C:\Users\leado\AppData\Local\Temp\_MEI97~1\parsed_files\101.txt,5.88781193852,5.37569826495,1.5225668809,0.089491059909,-0.498624173356,-0.31865979647,0.47989541557,2.54984806268,1.35472496045
C:\Users\leado\AppData\Local\Temp\_MEI97~1\parsed_files\102.txt,4.65350958034,3.8085324596,-0.0313290343038,-1.75128034429,0.435602944852,-4.30380991934,0.605209987466,0.35610909072,1.19289486267
C:\Users\leado\AppData\Local\Temp\_MEI97~1\parsed_files\103.txt,-3.55665249548,0.323380951214,-2.08644803075,2.60991605458,-2.56951825615,-1.70261210979,0.758109411016,-2.19948389749,0.356173399352
C:\Users\leado\AppData\Local\Temp\_MEI97~1\parsed_files\104.txt,3.54102096385,0.0385341349338,-0.801301105508,1.44769946871,-1.31196817789,-0.908638318432,1.45307072923,1.93053670319,1.23813453399
C:\Users\leado\AppData\Local\Temp\_MEI97~1\parsed_files\105.txt,1.97864399766,-1.93367497525,-0.218489179207,0.614084095443,0.24231640456,0.404989447735,1.00634906872,3.41132352025,0.95694264409
C:\Users\leado\AppData\Local\Temp\_MEI97~1\parsed_files\106.txt,8.06134346059,1.4636113114,2.39461446046,4.35683130366,0.0027855766176,-2.15193359584,-0.0516474656094,-1.80051055687,0.995052297452
C:\Users\leado\AppData\Local\Temp\_MEI97~1\parsed_files\107.txt,6.63876342893,-2.94888925047,-0.854864145619,0.637838644502,1.24221411316,-0.390243023032,0.612358802466,-0.609616820129,0.294871493609
C:\Users\leado\AppData\Local\Temp\_MEI97~1\parsed_files\108.txt,4.34129155547,3.04702741876,0.769149332308,2.53689617852,2.68625437698,-4.01505755626,-0.716019790594,-1.04558669532,1.67529704297
C:\Users\leado\AppData\Local\Temp\_MEI97~1\parsed_files\109.txt,-0.739547184091,3.7179671885,0.666069032846,-0.471403482672,-1.82321190145,-1.03784658305,0.263456929715,-2.48941512729,1.30001291439
C:\Users\leado\AppData\Local\Temp\_MEI97~1\parsed_files\11.txt,-0.196718470397,-6.1117869611,-0.0477238437206,2.05752677873,-0.473440504294,-0.143449137526,2.04530366817,0.893228946656,0.543961043677
C:\Users\leado\AppData\Local\Temp\_MEI97~1\parsed_files\110.txt,-2.7219155123,-0.880240779583,-1.83407817773,2.23875382764,-0.290160668067,0.698595465902,0.341875378171,-1.88967926515,0.757463671828
C:\Users\leado\AppData\Local\Temp\_MEI97~1\parsed_files\111.txt,-1.42571321148,4.17596470616,0.93782629901,0.472808592648,-1.54297155124,-0.305843302379,0.526484368361,-0.128903382725,0.667181394366
C:\Users\leado\AppData\Local\Temp\_MEI97~1\parsed_files\112.txt,1.62511501744,1.49183962624,2.029341841,1.04462100762,0.151991560547,-0.270895008818,-0.491858532543,-0.314379493355,1.41923111436
C:\Users\leado\AppData\Local\Temp\_MEI97~1\parsed_files\113.txt,-14.7067907642,-11.9137135236,-7.46884213032,-6.62398645174,-7.07207334054,-2.50818004216,-8.57894748489,-3.07773969132,-9.87164201908
C:\Users\leado\AppData\Local\Temp\_MEI97~1\parsed_files\114.txt,0.360816933378,5.68414186274,3.22195440237,3.07539253204,0.93079130331,-0.710256480213,0.417521391545,-1.6601756438,1.39155359388
C:\Users\leado\AppData\Local\Temp\_MEI97~1\parsed_files\115.txt,3.3295344227,5.6948612394,-0.341829972071,-2.38063186672,0.447743020754,-0.690396656023,-0.685631725453,-1.89379353123,1.41384863357
C:\Users\leado\AppData\Local\Temp\_MEI97~1\parsed_files\116.txt,1.40896298523,0.873647119122,0.902351515634,-0.029209236663,-0.604990255678,8.63479692165,-0.425149072386,-1.07003108857,0.998330120388
C:\Users\leado\AppData\Local\Temp\_MEI97~1\parsed_files\117.txt,0.61630382285,2.01693720643,2.38548224932,-1.39199817243,0.649799887637,1.41634213687,0.41352754233,0.755129824418,1.28088628792
C:\Users\leado\AppData\Local\Temp\_MEI97~1\parsed_files\118.txt,6.29613775348,-1.38571669644,2.30554883574,2.15265181403,1.38385999602,-1.17133887066,2.01847023306,-2.57259931552,0.0632789960933
C:\Users\leado\AppData\Local\Temp\_MEI97~1\parsed_files\119.txt,10.9545942571,-9.54200987802,-4.24448028734,-0.75981259108,-4.95415714112,1.00767753337,2.65875007074,-3.07773969132,-0.878809566218
C:\Users\leado\AppData\Local\Temp\_MEI97~1\parsed_files\12.txt,-2.84009580554,3.79788139944,1.09054551014,5.63386820201,1.49421393294,6.7423161062,-1.92713056556,-0.731548834332,2.26772288846
C:\Users\leado\AppData\Local\Temp\_MEI97~1\parsed_files\120.txt,2.78457662493,2.26209776468,-0.338296906813,-2.04142225396,0.528998524569,-2.56776507479,-0.0954260414008,4.42835772781,0.827710873329
C:\Users\leado\AppData\Local\Temp\_MEI97~1\parsed_files\121.txt,-0.8209220989,-2.98435940411,0.714558254719,3.52861373321,-1.13268495566,1.83031486098,0.552936843978,-1.0881211175,0.105616392006
C:\Users\leado\AppData\Local\Temp\_MEI97~1\parsed_files\122.txt,11.7436611899,-9.73541557092,2.81606607147,0.0485559585286,0.790779389569,3.15337574891,1.55375369316,1.11930245022,-1.55334849444
C:\Users\leado\AppData\Local\Temp\_MEI97~1\parsed_files\123.txt,1.0955584716,0.713892451596,1.10832578864,1.77589737613,0.181337786743,-1.31381329088,0.847506463168,3.69128478635,0.83082859107
C:\Users\leado\AppData\Local\Temp\_MEI97~1\parsed_files\124.txt,9.02559115615,-2.28494225062,3.50592220691,-0.225984259017,4.00989037568,1.50701418399,2.0712107155,-1.76318886978,1.03952430386
C:\Users\leado\AppData\Local\Temp\_MEI97~1\parsed_files\125.txt,5.93756105383,-3.17986278732,1.0956780878,-1.10424473775,-0.0688442383208,-0.702756399085,0.93283510663,0.806885433062,0.383960572632
C:\Users\leado\AppData\Local\Temp\_MEI97~1\parsed_files\126.txt,-14.7067907642,-11.9137135236,-7.46884213032,-6.62398645174,-7.07207334054,-2.50818004216,-8.57894748489,-3.07773969132,-9.87164201908
C:\Users\leado\AppData\Local\Temp\_MEI97~1\parsed_files\127.txt,-4.89878840171,-6.65733509898,-1.1782364602,7.87464377223,-2.91758415237,-1.12220099721,1.97827942756,-0.789784944571,0.653396166944
C:\Users\leado\AppData\Local\Temp\_MEI97~1\parsed_files\128.txt,-0.53207592981,-2.57217060282,0.0774657320501,2.01824209774,-0.626502409585,0.145096518435,0.741246070282,-0.0475664695824,0.583458793131
C:\Users\leado\AppData\Local\Temp\_MEI97~1\parsed_files\129.txt,-4.09478674435,-2.45415752262,-1.63723601106,2.06028922785,-0.622641767139,0.443554063638,0.423778977501,-0.0191221485542,1.05036433322
C:\Users\leado\AppData\Local\Temp\_MEI97~1\parsed_files\13.txt,-4.30766615072,6.2833176966,-0.20085872308,-3.48431038151,1.66788166957,0.627900632447,-0.618837737084,3.81604449466,1.89653715645
C:\Users\leado\AppData\Local\Temp\_MEI97~1\parsed_files\130.txt,6.48775269901,2.52234990406,1.9896088393,4.13676894288,2.28069120766,-2.9563424354,-0.439624180192,0.573005152231,0.992963299531
C:\Users\leado\AppData\Local\Temp\_MEI97~1\parsed_files\131.txt,10.476983756,10.8945071562,6.24174259109,-5.91026970695,1.27904520532,0.162918672432,1.96368436313,6.83544199674,0.790217187737
C:\Users\leado\AppData\Local\Temp\_MEI97~1\parsed_files\132.txt,-0.947723395811,-1.63379848337,0.173071191788,-1.46661748215,2.5118993727,0.14980994839,0.617066828366,2.80818975329,0.613687610115
C:\Users\leado\AppData\Local\Temp\_MEI97~1\parsed_files\133.txt,11.0940176311,-3.52978679882,-0.458858704578,0.343951773815,-0.750633310592,-1.07167346944,1.49254970123,0.721137706338,-0.570799343226
C:\Users\leado\AppData\Local\Temp\_MEI97~1\parsed_files\134.txt,5.97375973773,4.37482557272,1.99417594303,2.01295789374,2.31094637879,-0.67435605137,0.582179101315,0.0110216716416,1.35042803585
C:\Users\leado\AppData\Local\Temp\_MEI97~1\parsed_files\135.txt,2.69102349951,-2.09112916107,0.234566242032,-0.872133822509,-0.291109070256,-0.426882205245,0.0829632282638,-1.91056024804,0.33024077992
C:\Users\leado\AppData\Local\Temp\_MEI97~1\parsed_files\136.txt,-14.7067907642,-11.9137135236,-7.46884213032,-6.62398645174,-7.07207334054,-2.50818004216,-8.57894748489,-3.07773969132,-9.87164201908
C:\Users\leado\AppData\Local\Temp\_MEI97~1\parsed_files\137.txt,3.08126760953,-1.11115090879,1.5867323256,0.762260437724,1.75889407,0.171143374275,0.260579981801,-0.816124796709,0.785605424548
C:\Users\leado\AppData\Local\Temp\_MEI97~1\parsed_files\138.txt,6.32516443622,-0.0674052020794,0.00658523764237,1.67785675318,1.15955014298,-0.605476906325,0.577636470901,0.340425623526,1.00340134804
C:\Users\leado\AppData\Local\Temp\_MEI97~1\parsed_files\139.txt,-1.13423495877,0.0754946785805,0.839972092562,0.0789577633049,0.452462080068,-0.514561698996,0.993001921996,5.04032998276,1.22546127147
C:\Users\leado\AppData\Local\Temp\_MEI97~1\parsed_files\14.txt,-4.22218110174,1.48424765102,0.909239868071,-5.20049395346,3.10221467029,-2.07335090823,1.59072839697,-1.76532366941,0.857682713568
C:\Users\leado\AppData\Local\Temp\_MEI97~1\parsed_files\140.txt,4.3717649839,-3.31610537363,0.00403435622171,-0.363305315887,1.85826705614,-1.08954190807,0.819087587149,-1.53358090359,0.0278491412034
C:\Users\leado\AppData\Local\Temp\_MEI97~1\parsed_files\141.txt,9.71628603603,1.70662837116,1.93389742389,-2.77686160892,-0.896029224602,-3.05907791724,0.889796564261,2.19056479441,0.634363635289
C:\Users\leado\AppData\Local\Temp\_MEI97~1\parsed_files\142.txt,-2.14254612184,8.51713369335,1.41143864651,-0.136275308688,-0.487441981912,-3.82655443932,-0.294874691079,3.40826582633,2.02072683666
C:\Users\leado\AppData\Local\Temp\_MEI97~1\parsed_files\143.txt,10.076788367,1.22390244046,2.60180944832,2.25524123467,1.32578982027,-0.317669468525,0.374983487849,-1.72050557632,1.13489525398
C:\Users\leado\AppData\Local\Temp\_MEI97~1\parsed_files\144.txt,2.47335939545,-0.62716771412,0.818025686594,1.06836554407,0.714507270113,-0.519857568871,0.411699161701,-2.2376417251,0.522024985701
C:\Users\leado\AppData\Local\Temp\_MEI97~1\parsed_files\145.txt,3.04008293161,0.892579587132,1.19076088304,-0.564286036433,0.793715719718,-1.01947341448,0.851501992894,-0.0244784731549,0.471938381657
C:\Users\leado\AppData\Local\Temp\_MEI97~1\parsed_files\146.txt,1.42527077801,5.12887355314,1.84294238345,1.49356159869,-0.727981302104,-1.5847223599,0.396131138337,-3.07773969132,1.36346893647
C:\Users\leado\AppData\Local\Temp\_MEI97~1\parsed_files\147.txt,-5.09002791807,-0.081532366159,0.1752984667,2.38789283509,0.972899522745,0.897067795874,1.44462257252,-1.46828570378,0.908160841332
C:\Users\leado\AppData\Local\Temp\_MEI97~1\parsed_files\148.txt,2.05671442809,5.86197638656,-0.301340642788,1.489946906,4.53267010966,0.363915284895,-2.58419813383,1.00351310064,1.81898091477
C:\Users\leado\AppData\Local\Temp\_MEI97~1\parsed_files\149.txt,-3.69295363615,1.44622941649,2.52838300175,0.844741978048,1.76773178696,2.24546199724,1.19791428778,-1.5199534268,0.741829490931
C:\Users\leado\AppData\Local\Temp\_MEI97~1\parsed_files\15.txt,5.53563833272,0.2538050602,0.783832632366,2.96527629594,-0.93022419875,-0.785956294054,0.972083134095,-2.37208947512,0.386381710157
C:\Users\leado\AppData\Local\Temp\_MEI97~1\parsed_files\150.txt,1.57432512684,0.817193619752,-0.876621103939,-0.0875274270675,0.359186185696,-1.76071694013,0.318645124306,1.02619341957,0.729173028058
C:\Users\leado\AppData\Local\Temp\_MEI97~1\parsed_files\151.txt,-0.477445299043,4.49478759921,-1.1004216708,4.56930818991,0.38707297579,-2.68421216637,0.0368855882017,-0.989724361493,1.58522803454
C:\Users\leado\AppData\Local\Temp\_MEI97~1\parsed_files\152.txt,-14.7067907642,-11.9137135236,-7.46884213032,-6.62398645174,-7.07207334054,-2.50818004216,-8.57894748489,-3.07773969132,-9.87164201908
C:\Users\leado\AppData\Local\Temp\_MEI97~1\parsed_files\153.txt,-1.30297855691,7.52695682495,3.32330203118,7.63930121542,1.81354880287,-2.29465556231,0.718501537164,-3.07773969132,2.0405142685
C:\Users\leado\AppData\Local\Temp\_MEI97~1\parsed_files\154.txt,-2.50850286654,1.68762611235,-0.893713778039,0.508990691384,-1.03597568814,-0.933097375696,0.134856919127,-0.855687686346,0.828956424582
C:\Users\leado\AppData\Local\Temp\_MEI97~1\parsed_files\155.txt,-6.9003248752,1.62081574416,-1.4025050768,-4.20073587749,1.965166247,0.117443317086,0.536328892972,3.52724838663,1.91564897291
C:\Users\leado\AppData\Local\Temp\_MEI97~1\parsed_files\156.txt,2.05841747939,1.13463102419,-0.369257474984,-2.12184828047,1.14813564803,1.19249884462,0.16309816138,0.886040460929,0.690099255255
C:\Users\leado\AppData\Local\Temp\_MEI97~1\parsed_files\157.txt,5.27650761353,2.25292454431,1.1513651045,1.4631234266,-0.124121380519,-0.0608641497629,0.0165200737918,1.58900862005,0.392415059079
C:\Users\leado\AppData\Local\Temp\_MEI97~1\parsed_files\158.txt,4.5514931812,4.09213482207,1.82674537907,4.90529803568,0.980623406919,-0.0986226527673,-0.0653163486651,-0.206502343462,1.21508641018
C:\Users\leado\AppData\Local\Temp\_MEI97~1\parsed_files\159.txt,12.6109348755,4.22789332735,5.51456270257,3.18776327524,2.85528986798,-1.70620187802,1.7372947915,-2.60327049532,0.269890424489
C:\Users\leado\AppData\Local\Temp\_MEI97~1\parsed_files\16.txt,-2.05053104406,0.683203153585,-1.45206626554,-0.325609721944,-2.72765423266,-0.322986618731,0.536423341369,-0.247795515331,0.55413506932
C:\Users\leado\AppData\Local\Temp\_MEI97~1\parsed_files\160.txt,1.8329296886,-2.61365938018,2.18909106493,1.62759424828,1.16043161515,1.13989316037,0.563860183541,0.128377913972,0.63747529934
C:\Users\leado\AppData\Local\Temp\_MEI97~1\parsed_files\161.txt,0.537722040448,3.80646393597,-0.0979228400731,3.65920808417,-1.25804638492,-1.81738805087,-0.765072173558,1.08873761919,1.55433076863
C:\Users\leado\AppData\Local\Temp\_MEI97~1\parsed_files\162.txt,0.276354560162,0.496916132615,0.51288874818,-0.2901839398,1.91171136879,-0.312089615811,-0.286357096352,-0.296584980048,0.489437582578
C:\Users\leado\AppData\Local\Temp\_MEI97~1\parsed_files\163.txt,-0.857996504672,5.23863495485,-0.297156909706,-1.20884835561,0.344425901974,15.2772255174,-0.334288149725,-0.577109437688,0.65228339636
C:\Users\leado\AppData\Local\Temp\_MEI97~1\parsed_files\164.txt,7.42611456324,-2.75116204933,7.93143305715,-0.642065672894,-0.629368185326,-0.894366147462,2.59301143668,0.468041749807,0.507566080105
C:\Users\leado\AppData\Local\Temp\_MEI97~1\parsed_files\165.txt,-6.10137059679,2.5743406032,-1.84928242679,-0.246627410973,0.147214313866,-0.22745335621,0.447814623939,0.809601276235,0.413718262285
C:\Users\leado\AppData\Local\Temp\_MEI97~1\parsed_files\166.txt,-1.63599571376,0.821166765365,-1.09478587226,2.18016388247,-4.18916229915,1.91504384055,0.0108765182775,0.254069179248,0.515087290785
C:\Users\leado\AppData\Local\Temp\_MEI97~1\parsed_files\167.txt,1.08736698217,-0.460680991248,-0.447384700956,1.61561014228,1.18422590612,-0.218360287047,0.369128132206,-1.65655437805,0.586587792062
C:\Users\leado\AppData\Local\Temp\_MEI97~1\parsed_files\168.txt,5.39857320015,-2.61526243676,-0.49709850611,2.02710300632,-3.3862267272,-0.403454018565,1.00852529208,-2.49913095618,0.255560009824
C:\Users\leado\AppData\Local\Temp\_MEI97~1\parsed_files\169.txt,-14.7067907642,-11.9137135236,-7.46884213032,-6.62398645174,-7.07207334054,-2.50818004216,-8.57894748489,-3.07773969132,-9.87164201908
C:\Users\leado\AppData\Local\Temp\_MEI97~1\parsed_files\17.txt,0.916811836988,-1.1870869647,-2.0565588485,1.04378266381,-0.1034954722,1.64993356823,0.889401370402,2.15051673942,-0.0923300408856
C:\Users\leado\AppData\Local\Temp\_MEI97~1\parsed_files\170.txt,2.5701365305,1.93614341612,2.01034393429,3.96821539712,4.76169278415,-5.10039015706,1.39242600474,-3.07773969132,1.98232578736
C:\Users\leado\AppData\Local\Temp\_MEI97~1\parsed_files\171.txt,6.67392202295,-3.3327647861,-0.701776109289,1.25196366427,3.48469368773,-3.83176089808,-0.528245180186,-2.14868290703,0.177588465717
C:\Users\leado\AppData\Local\Temp\_MEI97~1\parsed_files\172.txt,7.64451801309,-9.74032658582,2.29561998986,1.98531761337,5.63294121318,-2.4975459854,1.89226004897,1.39657571063,0.882994074261
C:\Users\leado\AppData\Local\Temp\_MEI97~1\parsed_files\173.txt,-6.0593389382,2.06683404652,-1.87425176405,-1.6526885764,1.86607862026,2.52566852035,-0.278152293137,-1.56060195973,0.763849145632
C:\Users\leado\AppData\Local\Temp\_MEI97~1\parsed_files\174.txt,1.05336848232,1.84077317876,0.651089889811,6.04949061185,2.82309654508,-1.08297339271,0.857385167353,-0.651564887331,0.621632229999
C:\Users\leado\AppData\Local\Temp\_MEI97~1\parsed_files\175.txt,5.77934473253,3.30002745655,0.776729241301,-0.354428496085,1.99097624299,-2.32107761069,-0.718619418491,-1.66635768296,0.921697413761
C:\Users\leado\AppData\Local\Temp\_MEI97~1\parsed_files\176.txt,6.45517549074,0.506453180023,1.75789424729,-1.88121684187,-1.79248128336,-0.607334892184,1.36618449679,-1.04927735326,-0.83810754251
C:\Users\leado\AppData\Local\Temp\_MEI97~1\parsed_files\177.txt,1.61718369094,-4.21001843436,-0.600076763843,3.85238020811,-1.61758580869,-0.697250495843,1.81308647786,-3.07773969132,-0.217137828282
C:\Users\leado\AppData\Local\Temp\_MEI97~1\parsed_files\178.txt,10.879727581,-2.61914353962,0.649827077209,0.819496388503,-1.5482048652,-0.0280483311112,1.74014799021,-2.57235814725,-0.144964037092
C:\Users\leado\AppData\Local\Temp\_MEI97~1\parsed_files\179.txt,3.9100636792,1.45184490327,3.73362346846,1.34373509804,0.0505872321315,-1.08683346233,-0.232787342521,-0.291429603299,1.32355413403
C:\Users\leado\AppData\Local\Temp\_MEI97~1\parsed_files\18.txt,-2.60717036532,-0.880899550273,-1.69241058291,5.32814526279,-1.97293260489,-0.975045741853,1.30534300428,0.497990326329,0.480024130443
C:\Users\leado\AppData\Local\Temp\_MEI97~1\parsed_files\180.txt,5.56714442886,1.63996475234,12.1524382816,1.54240787823,2.44835915649,-0.434475092228,2.21401440872,5.40988677397,1.09505666868
C:\Users\leado\AppData\Local\Temp\_MEI97~1\parsed_files\181.txt,2.49237762646,0.445305301587,0.921185798999,-0.22940279276,-0.645583302826,0.267563410967,-0.364944652844,1.10747135734,0.361932240687
C:\Users\leado\AppData\Local\Temp\_MEI97~1\parsed_files\182.txt,2.8028832926,-3.64136214637,-1.95772261833,-0.346446398588,2.19704991016,0.00786269181739,1.50534934894,0.253455042246,0.00459158155311
C:\Users\leado\AppData\Local\Temp\_MEI97~1\parsed_files\183.txt,-0.503997407028,-0.548695049755,0.349719715534,0.48076467567,1.77697878875,-0.146496269929,1.640682475,-0.0919873847404,0.0699962678628
C:\Users\leado\AppData\Local\Temp\_MEI97~1\parsed_files\184.txt,-1.7796800027,-2.93270502207,-2.40629243189,8.02564087762,0.913952322798,3.28887827439,0.000245480281513,-2.2835583853,0.350007627217
C:\Users\leado\AppData\Local\Temp\_MEI97~1\parsed_files\185.txt,-5.97172843624,3.6201391864,0.106746795209,-2.14078949724,2.92626626859,1.8512117231,1.34851937752,5.13966285866,0.78352918152
C:\Users\leado\AppData\Local\Temp\_MEI97~1\parsed_files\186.txt,-2.60439597896,2.31621075785,-0.74301586532,4.00394943438,1.81787035901,-1.83611648549,0.807827012988,-1.8231629198,1.29000614294
C:\Users\leado\AppData\Local\Temp\_MEI97~1\parsed_files\187.txt,-3.30900002422,1.39176793955,0.207263963331,0.223458242766,0.0456619492202,-0.163423508686,0.33785442731,2.1164981569,0.811725758056
C:\Users\leado\AppData\Local\Temp\_MEI97~1\parsed_files\188.txt,5.15482370532,-0.505932647303,-0.853119636812,4.20373210104,0.557465159977,-0.124355489034,1.01247619127,2.56753896232,0.280991792982
C:\Users\leado\AppData\Local\Temp\_MEI97~1\parsed_files\189.txt,3.27424522064,2.32453222533,4.18141634556,-0.885817902757,6.29307355575,-0.86807753575,4.60690989211,3.63142257724,0.474221111788
C:\Users\leado\AppData\Local\Temp\_MEI97~1\parsed_files\19.txt,-14.7067907642,-11.9137135236,-7.46884213032,-6.62398645174,-7.07207334054,-2.50818004216,-8.57894748489,-3.07773969132,-9.87164201908
C:\Users\leado\AppData\Local\Temp\_MEI97~1\parsed_files\190.txt,5.92883343299,-2.98626215461,1.1633718437,0.907121755599,0.342178454182,-1.32599542793,0.656190357097,-1.4850777136,1.1830783485
C:\Users\leado\AppData\Local\Temp\_MEI97~1\parsed_files\191.txt,-14.7067907642,-11.9137135236,-7.46884213032,-6.62398645174,-7.07207334054,-2.50818004216,-8.57894748489,-3.07773969132,-9.87164201908
C:\Users\leado\AppData\Local\Temp\_MEI97~1\parsed_files\192.txt,1.92135746854,-2.12640400093,-0.397418409802,-0.00569703582273,0.237772744833,1.35232986444,0.853744321385,0.317547443413,0.129929046583
C:\Users\leado\AppData\Local\Temp\_MEI97~1\parsed_files\193.txt,-3.41310728447,3.05771176061,5.78362954136,-2.97079123434,-2.14253423223,0.170033639289,0.354388715181,0.872589096903,0.977777339792
C:\Users\leado\AppData\Local\Temp\_MEI97~1\parsed_files\194.txt,1.66097321693,6.0643201732,4.29210157625,-0.737293992796,-2.61032590226,-0.70150888758,2.59484424351,1.96874229477,0.877117655761
C:\Users\leado\AppData\Local\Temp\_MEI97~1\parsed_files\195.txt,-1.89563860893,-0.88619554817,-0.975419778341,-0.630422148507,-0.94951023203,1.13629818243,-0.0190311091903,-0.695727161644,0.922947535731
C:\Users\leado\AppData\Local\Temp\_MEI97~1\parsed_files\196.txt,-1.27643117594,0.506438397767,0.85569640056,-2.81681373505,-0.25912966156,0.0943121878363,0.9189534801,1.49800119362,-0.115550817479
C:\Users\leado\AppData\Local\Temp\_MEI97~1\parsed_files\197.txt,-4.70455248209,1.19357362917,-1.24370307579,-3.05945396633,-1.46452033945,1.39160529738,0.453451125339,1.31415781622,0.521250706092
C:\Users\leado\AppData\Local\Temp\_MEI97~1\parsed_files\198.txt,2.28472020794,4.64426842033,1.93100459991,-0.792378598819,0.990510186517,0.0593481952933,0.481108544512,1.70971681311,1.39943960227
C:\Users\leado\AppData\Local\Temp\_MEI97~1\parsed_files\199.txt,2.09673698997,-2.17411257301,0.507381547339,2.83113711433,1.6826517314,-0.074915416438,0.352366341262,0.358197900218,0.738135325111
C:\Users\leado\AppData\Local\Temp\_MEI97~1\parsed_files\2.txt,-14.7067907642,-8.81394791238,-7.46884213032,-6.62398645174,13.3622871214,-2.4776377359,2.718548164,-3.07773969132,2.41427010867
C:\Users\leado\AppData\Local\Temp\_MEI97~1\parsed_files\20.txt,-0.609736985866,-0.011590536803,-1.20736596254,3.34588436898,-2.68213112751,5.0641321186,0.829524889627,-2.28335584497,-0.0687652182735
C:\Users\leado\AppData\Local\Temp\_MEI97~1\parsed_files\200.txt,-1.82398880864,-0.531644070969,-0.200455010374,-1.42909417378,0.416894740482,1.59080821782,0.725491971013,0.112507627446,0.904007350607
C:\Users\leado\AppData\Local\Temp\_MEI97~1\parsed_files\201.txt,1.82528213532,-0.672176731382,-1.83533381798,2.61288707492,1.57869830984,-0.998033107201,0.0920183490873,-1.18326400799,1.23252824124
C:\Users\leado\AppData\Local\Temp\_MEI97~1\parsed_files\202.txt,-2.40849150341,2.08442140833,-0.225551098503,-4.46255568693,-0.544252192914,1.24860973873,0.0219929527321,0.797974002835,1.3590488308
C:\Users\leado\AppData\Local\Temp\_MEI97~1\parsed_files\203.txt,-14.7067907642,-11.9137135236,-7.46884213032,-6.62398645174,-7.07207334054,-2.50818004216,-8.57894748489,-3.07773969132,-9.87164201908
C:\Users\leado\AppData\Local\Temp\_MEI97~1\parsed_files\204.txt,-4.00642850875,-0.133363718503,-1.256952032,-2.90340080942,-1.37608995278,3.38926742781,-0.247661189614,2.28299461909,1.31225543784
C:\Users\leado\AppData\Local\Temp\_MEI97~1\parsed_files\205.txt,-7.28803826491,-4.32619023372,-2.0529850344,0.529338632854,-0.480559309307,-1.42436403412,2.17325323164,-1.85109247633,1.36166768742
C:\Users\leado\AppData\Local\Temp\_MEI97~1\parsed_files\206.txt,-1.13193449099,-0.124533706267,-0.179215179245,2.93309642148,0.811855760905,0.505922290904,0.0522627390794,-1.17488995834,1.16070484102
C:\Users\leado\AppData\Local\Temp\_MEI97~1\parsed_files\207.txt,-4.13541033415,-1.84817905353,-0.909626149227,2.25940172385,-0.00334745456574,1.25451880437,1.09799008526,-2.41912197721,0.713107698668
C:\Users\leado\AppData\Local\Temp\_MEI97~1\parsed_files\208.txt,-5.96317597184,5.11154878293,-1.76111878647,-2.61713191313,1.16461909052,0.331970149354,0.759072179636,4.38580762326,1.42943061951
C:\Users\leado\AppData\Local\Temp\_MEI97~1\parsed_files\209.txt,-14.7067907642,-11.9137135236,-7.46884213032,-6.62398645174,-7.07207334054,-2.50818004216,-8.57894748489,-3.07773969132,-9.87164201908
C:\Users\leado\AppData\Local\Temp\_MEI97~1\parsed_files\21.txt,11.505181978,-3.94377280492,3.4193092073,-1.06052414007,-3.60164213399,-0.603632166963,2.6980678492,-3.07773969132,0.377076561069
C:\Users\leado\AppData\Local\Temp\_MEI97~1\parsed_files\210.txt,4.26694167448,2.22680979297,1.79735430198,-2.44204087901,0.246012662802,-2.93056679245,0.996319041929,3.30901671103,-0.555850041522
C:\Users\leado\AppData\Local\Temp\_MEI97~1\parsed_files\211.txt,-1.1883481912,0.291128028558,0.333546566715,-0.564065271832,-0.827804879657,4.28478989317,-0.864824170845,2.28419785559,0.978528775991
C:\Users\leado\AppData\Local\Temp\_MEI97~1\parsed_files\212.txt,-2.28712370411,3.57899682624,-0.177853695427,-0.459700786773,-0.488011221525,0.338221619912,0.112443295632,-1.13213467235,1.19057344404
C:\Users\leado\AppData\Local\Temp\_MEI97~1\parsed_files\213.txt,-14.7067907642,-11.9137135236,-7.46884213032,-6.62398645174,-7.07207334054,-2.50818004216,-8.57894748489,-3.07773969132,-9.87164201908
C:\Users\leado\AppData\Local\Temp\_MEI97~1\parsed_files\214.txt,-14.7067907642,-11.9137135236,-7.46884213032,-6.62398645174,-7.07207334054,-2.50818004216,-8.57894748489,-3.07773969132,-9.87164201908
C:\Users\leado\AppData\Local\Temp\_MEI97~1\parsed_files\215.txt,1.88749062627,2.79290855602,0.482930361179,-0.5040542654,1.5454114453,0.818234116571,0.589636518496,2.06223479827,0.627583523212
C:\Users\leado\AppData\Local\Temp\_MEI97~1\parsed_files\216.txt,6.8227291234,5.43091428289,2.21323653767,0.852171372632,1.61648687995,0.932292020236,-0.467395189722,1.31410159848,1.11801687605
C:\Users\leado\AppData\Local\Temp\_MEI97~1\parsed_files\217.txt,-4.41531177095,2.12983673984,3.26782213207,-0.491244078604,3.27262110185,-1.14606811274,0.411802544726,3.9042312765,0.753789752412
C:\Users\leado\AppData\Local\Temp\_MEI97~1\parsed_files\218.txt,-14.7067907642,-11.9137135236,-7.46884213032,-6.62398645174,-7.07207334054,-2.50818004216,-8.57894748489,-3.07773969132,-9.87164201908
C:\Users\leado\AppData\Local\Temp\_MEI97~1\parsed_files\219.txt,5.75271433416,3.15213693859,3.07873879677,1.29870996756,3.00011337204,-0.474875015683,-0.980055378752,1.29405828777,1.26546886923
C:\Users\leado\AppData\Local\Temp\_MEI97~1\parsed_files\22.txt,-8.24314484211,3.83645137687,-2.44127218663,-6.62398645174,0.351671119209,5.31169739904,-1.51406179909,7.55327738832,2.03701801218
C:\Users\leado\AppData\Local\Temp\_MEI97~1\parsed_files\220.txt,-0.632759029765,7.08833042887,6.67304662391,-0.43673691704,-6.05770353488,3.92553639167,1.54053114242,4.68271638381,1.93325730889
C:\Users\leado\AppData\Local\Temp\_MEI97~1\parsed_files\221.txt,0.924480704749,3.2077557297,1.84770638477,1.65688548068,0.904659206561,6.88105094186,-0.0216219407827,0.0191719316179,1.09070043888
C:\Users\leado\AppData\Local\Temp\_MEI97~1\parsed_files\222.txt,-2.86483278893,4.23408907989,-1.08621103266,1.27469292838,0.931728888398,-1.17840909922,0.539443952916,1.2867243028,1.61535547169
C:\Users\leado\AppData\Local\Temp\_MEI97~1\parsed_files\223.txt,-1.86258504331,-3.25222224977,1.1861083716,0.0774048424622,1.58017369279,1.54569175223,1.99376029856,0.926880555245,1.43571243906
C:\Users\leado\AppData\Local\Temp\_MEI97~1\parsed_files\224.txt,1.20302532216,9.11385383686,12.4275505911,4.08970956991,1.56616979437,0.358393107411,2.8585620408,1.53736649325,1.51742552619
C:\Users\leado\AppData\Local\Temp\_MEI97~1\parsed_files\225.txt,-3.04561966251,-1.53296613304,1.11788117147,-0.657015049439,0.290744489109,0.465063403985,-0.478857036086,0.233865098234,0.709313563172
C:\Users\leado\AppData\Local\Temp\_MEI97~1\parsed_files\226.txt,-2.00978597248,2.23313368994,0.637741197874,-0.479119596359,0.941093479107,5.12615778023,-0.124843992864,1.11958056386,1.36505542577
C:\Users\leado\AppData\Local\Temp\_MEI97~1\parsed_files\227.txt,0.147934933306,1.79647259754,2.31980165157,-1.00424010034,-1.21016196467,7.74054035653,0.589218521338,-0.152648604424,1.45297011577
C:\Users\leado\AppData\Local\Temp\_MEI97~1\parsed_files\228.txt,0.0923094031415,4.1069184857,-0.227439800154,0.402616777312,-2.11690348204,-1.24804286175,0.937974241021,1.61829739341,1.13659559785
C:\Users\leado\AppData\Local\Temp\_MEI97~1\parsed_files\229.txt,11.1267826046,12.0964709072,5.39664437298,4.1705575635,-0.0300965943674,0.443318519895,0.851783676169,-1.01875967692,1.3255327365
C:\Users\leado\AppData\Local\Temp\_MEI97~1\parsed_files\23.txt,5.8183657623,-0.771225399786,-1.32307194971,4.23914388787,-0.282076400381,-0.383705205847,0.440218100223,-2.14229942132,0.825153043845
C:\Users\leado\AppData\Local\Temp\_MEI97~1\parsed_files\230.txt,-4.06475736103,3.2957143603,-1.26852643331,-2.63134219638,0.728491629949,1.28350555785,0.615028996649,3.17773144565,1.06197352112
C:\Users\leado\AppData\Local\Temp\_MEI97~1\parsed_files\231.txt,0.358044281568,0.00837728127706,-0.716686691298,-0.11670917529,0.738151529223,-0.212070792394,0.671750663678,0.731596629373,1.41180440654
C:\Users\leado\AppData\Local\Temp\_MEI97~1\parsed_files\232.txt,-2.69836526086,0.913583243273,-0.457665217969,0.013864686259,-3.05956427693,0.485366827694,0.230398113047,0.776058735796,0.658382952699
C:\Users\leado\AppData\Local\Temp\_MEI97~1\parsed_files\233.txt,5.33940248023,1.80042386576,1.74616343297,2.2670840653,-1.54622564418,6.44753477709,1.32464819385,3.57637637355,0.916943695001
C:\Users\leado\AppData\Local\Temp\_MEI97~1\parsed_files\234.txt,0.27535939732,1.13478289453,0.18799554775,-2.83478572789,0.142297391725,0.950985496738,0.651614218672,0.398968400873,1.16738384712
C:\Users\leado\AppData\Local\Temp\_MEI97~1\parsed_files\235.txt,-2.20017804875,5.15514613422,0.344672677686,-1.14735794472,1.5227095914,2.03137113639,-0.813659487572,-0.892402565164,1.50409745127
C:\Users\leado\AppData\Local\Temp\_MEI97~1\parsed_files\236.txt,-1.9217365693,-0.354208552191,2.55035804817,0.769909065167,0.844695928958,12.6125476443,0.752663502078,-3.07773969132,0.797957617872
C:\Users\leado\AppData\Local\Temp\_MEI97~1\parsed_files\237.txt,8.1036252485,2.31045248457,0.315464281805,4.35400236857,-4.11833503809,1.47746742237,1.34149905988,-3.07773969132,-2.96121836631
C:\Users\leado\AppData\Local\Temp\_MEI97~1\parsed_files\238.txt,-3.57480229966,5.52470143344,-0.0572228103551,-0.0842995546282,-0.619972479724,0.557337254029,0.570863052172,-0.629455591337,1.03417095471
C:\Users\leado\AppData\Local\Temp\_MEI97~1\parsed_files\239.txt,4.45604187892,1.95332763339,3.14387165873,-0.427998665231,0.69739203637,0.0668340461507,2.20123131483,-2.55388943156,0.283409904019
C:\Users\leado\AppData\Local\Temp\_MEI97~1\parsed_files\24.txt,-14.7067907642,-11.9137135236,-7.46884213032,-6.62398645174,-7.07207334054,-2.50818004216,-8.57894748489,-3.07773969132,-9.87164201908
C:\Users\leado\AppData\Local\Temp\_MEI97~1\parsed_files\240.txt,-5.00622647355,2.75441821883,-0.406883542181,-1.6616902185,1.86585620166,2.02649693778,0.046180583283,-0.871436628297,0.970082495777
C:\Users\leado\AppData\Local\Temp\_MEI97~1\parsed_files\241.txt,-4.2316803594,-1.11214836248,-1.76699023397,8.85250792291,-0.622963351939,0.491135215562,2.78087762021,-3.07773969132,1.21670719236
C:\Users\leado\AppData\Local\Temp\_MEI97~1\parsed_files\242.txt,0.674405238315,5.03926625292,1.18867167719,-2.10166189176,2.52230530696,0.29351529581,0.743503341319,0.558165771699,1.1946590504
C:\Users\leado\AppData\Local\Temp\_MEI97~1\parsed_files\243.txt,0.917392569926,-2.05695772103,0.4032420191,4.95368432779,-0.138106706057,-0.975266128659,0.466556958527,-3.07773969132,0.207090361988
C:\Users\leado\AppData\Local\Temp\_MEI97~1\parsed_files\244.txt,-0.716047720496,-1.53144392115,0.573623709447,0.0540014781879,0.68061422735,-0.0211025065555,1.37134810492,4.41094054235,0.743942136086
C:\Users\leado\AppData\Local\Temp\_MEI97~1\parsed_files\245.txt,-5.1723879414,2.48684468077,2.30434516835,-3.2612163669,0.361137838763,-1.31895859926,1.40121813676,1.97038012914,1.39698884248
C:\Users\leado\AppData\Local\Temp\_MEI97~1\parsed_files\246.txt,-2.28919456258,2.25427210293,1.1666697573,-0.683657401926,0.394319794783,-1.01706787932,-0.209323348296,-0.150410101142,0.468789283196
C:\Users\leado\AppData\Local\Temp\_MEI97~1\parsed_files\247.txt,2.43238171205,4.22665581182,2.16418390041,-2.41986967124,0.686318794179,-0.345854336312,-0.57088877138,1.12891073628,1.20878214489
C:\Users\leado\AppData\Local\Temp\_MEI97~1\parsed_files\248.txt,-0.651117804563,4.28164428776,2.44027732494,5.02053066854,3.15183827123,0.719278954774,0.963541389005,-0.615791260098,1.05260114485
C:\Users\leado\AppData\Local\Temp\_MEI97~1\parsed_files\249.txt,-3.44568454488,2.07451780903,-3.07597983735,0.308680571967,1.22711533613,-1.83375052524,1.87287217912,1.75391361987,0.20735093282
C:\Users\leado\AppData\Local\Temp\_MEI97~1\parsed_files\25.txt,2.50592916719,-2.69960321487,-0.838414464061,3.17062972244,2.30382332742,-0.206417721292,2.17300127001,-1.6039431856,0.991841237474
C:\Users\leado\AppData\Local\Temp\_MEI97~1\parsed_files\250.txt,-13.7258459871,10.6022944874,-2.12808360802,-4.42760789622,-1.24115504374,-2.85527808086,2.62829844527,-1.8106226478,0.660612884767
C:\Users\leado\AppData\Local\Temp\_MEI97~1\parsed_files\251.txt,3.4205783647,-1.78975047495,0.827070756587,-0.849728061868,0.605086372433,-0.888703198443,0.695054333954,0.474944252642,0.545740671057
C:\Users\leado\AppData\Local\Temp\_MEI97~1\parsed_files\252.txt,2.28575146417,4.08466295937,4.01687819986,-2.75442876299,4.08705882578,-3.31725545411,-0.826056307337,-1.27358897157,1.08774032272
C:\Users\leado\AppData\Local\Temp\_MEI97~1\parsed_files\253.txt,5.8465228855,-2.25812480285,-2.71505531766,-0.139243478353,-1.97142500365,1.23352661346,2.72225064209,-0.484347924028,1.048346421
C:\Users\leado\AppData\Local\Temp\_MEI97~1\parsed_files\254.txt,5.52211332268,-3.93367009749,0.907865192561,0.904608238469,-0.525245642371,-0.719460922717,1.8829942921,-0.841928566044,0.637452176799
C:\Users\leado\AppData\Local\Temp\_MEI97~1\parsed_files\255.txt,-1.18947986726,-0.860201301017,-1.35126751847,2.56289875962,1.13928168472,1.24644788793,1.16763937313,0.531624650288,0.138250074286
C:\Users\leado\AppData\Local\Temp\_MEI97~1\parsed_files\256.txt,-14.7067907642,-11.9137135236,-7.46884213032,-6.62398645174,-7.07207334054,-2.50818004216,-8.57894748489,-3.07773969132,-9.87164201908
C:\Users\leado\AppData\Local\Temp\_MEI97~1\parsed_files\257.txt,8.18096166233,1.44587994365,0.0699358337817,2.86247054918,-1.61539854143,-0.821867906191,-0.0406502703479,-2.19084824224,0.694549391748
C:\Users\leado\AppData\Local\Temp\_MEI97~1\parsed_files\258.txt,-0.651554578238,5.72702819924,-0.370324232904,2.36093947166,0.230951528518,0.698974219809,-1.83604135238,-0.33976494696,1.47313108182
C:\Users\leado\AppData\Local\Temp\_MEI97~1\parsed_files\259.txt,8.45948435368,-2.39688850404,-0.496915673223,0.439384326925,0.696151390906,-0.658475157449,1.42294722359,1.4353190714,1.02483897944
C:\Users\leado\AppData\Local\Temp\_MEI97~1\parsed_files\26.txt,-1.69244594363,4.52431636477,0.943661235725,-5.87994079984,3.24874254666,1.07335516409,0.483051410157,4.43355832497,1.72903882362
C:\Users\leado\AppData\Local\Temp\_MEI97~1\parsed_files\260.txt,6.22344259254,-1.64865045345,-0.0301022559192,0.588430370204,0.591063760549,-0.798006246236,0.734627352467,-1.09862387322,0.421343939183
C:\Users\leado\AppData\Local\Temp\_MEI97~1\parsed_files\261.txt,10.190703044,-1.45353777782,1.16435740214,2.36477340368,-1.06283868659,-2.82032373002,0.435161066913,-2.12146677154,0.0146695013977
C:\Users\leado\AppData\Local\Temp\_MEI97~1\parsed_files\262.txt,-0.364266970719,2.68164300597,-0.489943591228,0.132088106586,-0.966635250058,0.106815754899,0.582966636939,0.526479089736,1.63472129538
C:\Users\leado\AppData\Local\Temp\_MEI97~1\parsed_files\263.txt,0.287788876635,4.60767460919,1.18195228517,1.95336808408,-0.582433404009,10.9364457457,0.307454371511,-2.05325832438,0.582936485185
C:\Users\leado\AppData\Local\Temp\_MEI97~1\parsed_files\264.txt,3.17311932717,6.96519713786,5.33205086916,-1.12189405627,-0.427865420392,0.818908193968,0.733148032004,3.52682113483,0.944441105852
C:\Users\leado\AppData\Local\Temp\_MEI97~1\parsed_files\265.txt,0.355171843058,4.15878220883,-0.218084376356,2.30792254547,-0.125510615769,2.29540240453,0.820217542722,0.224846311629,1.50235764756
C:\Users\leado\AppData\Local\Temp\_MEI97~1\parsed_files\266.txt,-14.7067907642,-11.9137135236,-7.46884213032,-6.62398645174,-7.07207334054,-2.50818004216,-8.57894748489,-3.07773969132,-9.87164201908
C:\Users\leado\AppData\Local\Temp\_MEI97~1\parsed_files\267.txt,6.69097345608,0.928319116046,1.37361945408,5.00888431091,0.809351252735,1.52561646691,0.3765341054,0.228423489626,1.20590332292
C:\Users\leado\AppData\Local\Temp\_MEI97~1\parsed_files\268.txt,5.58325647728,-2.90026346429,0.902039673943,1.60787126536,0.911362409516,1.72066776135,2.40542921323,-1.40170554399,0.935315347007
C:\Users\leado\AppData\Local\Temp\_MEI97~1\parsed_files\269.txt,14.6373090054,4.92420498741,2.80856099615,-0.831657149931,0.897875602417,0.255084334671,1.935733719,0.409897223105,0.961702834152
C:\Users\leado\AppData\Local\Temp\_MEI97~1\parsed_files\27.txt,-6.27962341793,7.25793516136,0.726731824787,0.542767813688,2.57159994101,-1.13326978685,-0.186495379592,-1.58406260978,1.78760621333
C:\Users\leado\AppData\Local\Temp\_MEI97~1\parsed_files\270.txt,-0.067881355924,-1.96924840518,6.1197867348,0.635331279222,0.588411472057,2.37500904681,0.103019882287,-0.128916329735,0.411807990017
C:\Users\leado\AppData\Local\Temp\_MEI97~1\parsed_files\271.txt,-1.55356365215,0.359067517366,0.605802546308,-1.04629017868,0.125744491975,2.97612212502,0.769263291516,0.026002671023,1.37615065332
C:\Users\leado\AppData\Local\Temp\_MEI97~1\parsed_files\272.txt,-2.43342356366,-4.11972065136,0.334774422734,-0.319865892733,-5.3143760598,-1.44648178541,2.65773829199,9.28968734441,0.309804105968
C:\Users\leado\AppData\Local\Temp\_MEI97~1\parsed_files\273.txt,-1.58732703605,3.14872254046,-0.375954444432,-2.2634761894,0.538592296049,-0.905956102337,-0.317441098457,2.97974637733,1.03049647482
C:\Users\leado\AppData\Local\Temp\_MEI97~1\parsed_files\274.txt,4.99058273249,1.05942206996,2.10193239599,-0.648714220857,1.63707422562,2.9679714734,0.573433224895,0.844790659957,1.12603425355
C:\Users\leado\AppData\Local\Temp\_MEI97~1\parsed_files\275.txt,-14.7067907642,-11.9137135236,-7.46884213032,-6.62398645174,-7.07207334054,-2.50818004216,-8.57894748489,-3.07773969132,-9.87164201908
C:\Users\leado\AppData\Local\Temp\_MEI97~1\parsed_files\276.txt,5.18232757191,-0.610508168112,-1.37582745998,1.82697352671,0.623151556441,-0.305409075966,1.6622081761,-1.04768010444,0.16849614855
C:\Users\leado\AppData\Local\Temp\_MEI97~1\parsed_files\277.txt,9.70134581944,-1.63117370321,0.308653764116,0.829128430817,2.14012136876,-1.02161513348,-0.335669777693,-0.874900734422,0.15780861524
C:\Users\leado\AppData\Local\Temp\_MEI97~1\parsed_files\278.txt,-3.41234059312,2.94709694558,-0.392622694967,-0.589044031076,-0.112515255545,0.141436891724,-0.0661690870722,1.70473511989,0.7340321652
C:\Users\leado\AppData\Local\Temp\_MEI97~1\parsed_files\279.txt,-1.31261616622,-0.996077658739,0.409161499174,0.560132612816,-1.12581538022,-2.79602806679,0.327369072681,-0.593593732561,0.584620399443
C:\Users\leado\AppData\Local\Temp\_MEI97~1\parsed_files\28.txt,6.61120857657,-0.185881246403,3.3415884581,1.69385571736,1.42537406926,1.14392975001,0.583472306639,1.45483360105,1.32682613316
C:\Users\leado\AppData\Local\Temp\_MEI97~1\parsed_files\280.txt,-6.00547174862,2.24026361257,-2.63694013138,0.601246226218,3.615231096,-0.291391288797,1.3988799892,-3.07773969132,-0.0923196239054
C:\Users\leado\AppData\Local\Temp\_MEI97~1\parsed_files\281.txt,-3.64950200828,3.37563610341,-0.694878348185,3.05533468498,4.14413323181,-1.54988183214,0.977688714863,-2.60843708261,1.82099723468
C:\Users\leado\AppData\Local\Temp\_MEI97~1\parsed_files\282.txt,3.94913425942,4.31739555883,0.863934962973,5.02121407067,2.2738829072,-0.696120471071,0.00502850493278,-1.6754612162,0.915675491526
C:\Users\leado\AppData\Local\Temp\_MEI97~1\parsed_files\283.txt,-3.95986392965,-8.56296254185,-0.266690431371,0.235770317061,-2.04283004431,8.19993915794,1.65071674349,1.84929920418,0.743413544997
C:\Users\leado\AppData\Local\Temp\_MEI97~1\parsed_files\284.txt,4.85986314009,-0.125721859182,4.33391561446,1.97258913927,2.05553903738,0.254111731995,0.251743111076,-1.8435180614,0.721161610446
C:\Users\leado\AppData\Local\Temp\_MEI97~1\parsed_files\285.txt,14.4353280925,-1.09851821621,-1.37603446911,1.49087617207,0.776399279099,-5.82295643778,1.4812185197,0.759051300954,-0.47658578337
C:\Users\leado\AppData\Local\Temp\_MEI97~1\parsed_files\286.txt,-0.00521637181125,0.0833527910515,-0.481789115772,2.98559964238,0.748863211428,1.41102923591,1.40700442488,3.24104306091,0.853896921907
C:\Users\leado\AppData\Local\Temp\_MEI97~1\parsed_files\287.txt,-4.36475862596,5.14884092167,-0.767666258108,0.0553164593717,1.59342943897,-3.07358801996,2.23722297848,3.37389491823,1.08313603911
C:\Users\leado\AppData\Local\Temp\_MEI97~1\parsed_files\288.txt,4.0665434513,0.981077721979,0.148158343367,-1.61195977444,-0.0678240228006,-0.0269275639785,-0.0761175663143,-0.0424738737209,1.03596028439
C:\Users\leado\AppData\Local\Temp\_MEI97~1\parsed_files\289.txt,10.0391071001,10.0599255407,0.813090983648,4.20078098303,1.97518872101,-2.46694809124,2.43225383879,-2.23299499564,2.23119970521
C:\Users\leado\AppData\Local\Temp\_MEI97~1\parsed_files\29.txt,7.4699180353,-3.94738511641,-0.795949253823,1.08335315563,1.11393128561,-2.18396800181,-0.351816952288,-0.834994293928,0.622964091913
C:\Users\leado\AppData\Local\Temp\_MEI97~1\parsed_files\290.txt,-5.22249950268,0.80046940983,-2.99338306667,-0.598384840386,-0.89277908549,6.62502528534,2.27354892205,0.931815494603,1.15643513005
C:\Users\leado\AppData\Local\Temp\_MEI97~1\parsed_files\291.txt,33.5201995128,-9.00435130519,18.4713038802,-3.59234111515,7.94860072079,-2.34782927862,2.76468114909,-3.07773969132,0.591430550147
C:\Users\leado\AppData\Local\Temp\_MEI97~1\parsed_files\292.txt,-1.67374834895,2.56520863153,-0.482524691324,0.00909459542201,-1.76656656588,2.13853026358,1.34806333363,0.155535799219,0.866465366223
C:\Users\leado\AppData\Local\Temp\_MEI97~1\parsed_files\293.txt,4.75504711936,1.37378696444,1.37272602104,-0.629937480558,0.027671718794,-0.987126134789,0.0206044501705,0.13280254153,0.535379657097
C:\Users\leado\AppData\Local\Temp\_MEI97~1\parsed_files\3.txt,-6.77421254203,20.7846377278,-7.46884213032,4.0748429332,2.39851049852,-2.50818004216,10.407040815,-3.07773969132,3.02736808019
C:\Users\leado\AppData\Local\Temp\_MEI97~1\parsed_files\30.txt,1.41571236584,0.780266923382,1.3463609806,1.94698204317,-1.02459813132,-0.135710073782,0.0949532386849,-0.102644986981,-0.0650412450675
C:\Users\leado\AppData\Local\Temp\_MEI97~1\parsed_files\31.txt,2.24265895843,-2.71816138678,3.23877609099,6.65693568738,2.44182005375,-0.384218289389,0.213224544723,-1.59457203983,0.585418310218
C:\Users\leado\AppData\Local\Temp\_MEI97~1\parsed_files\32.txt,-0.78158977916,-0.727144256867,1.09034881802,0.676757362962,1.81592134403,-1.30921724646,1.27468026664,2.68920093954,1.1057781856
C:\Users\leado\AppData\Local\Temp\_MEI97~1\parsed_files\33.txt,1.04140746019,0.911998440226,3.71440018005,-1.54551950016,0.142993101324,2.21974804491,1.42867734638,2.24845335714,0.812695125877
C:\Users\leado\AppData\Local\Temp\_MEI97~1\parsed_files\34.txt,9.19796515539,1.09908109312,-0.252512202262,1.16363884481,1.20860262258,0.0459003664002,0.181500824292,-0.749956340827,1.03090632392
C:\Users\leado\AppData\Local\Temp\_MEI97~1\parsed_files\35.txt,5.92120151885,3.30252276808,-0.45495672121,-3.50543094073,-1.26422898333,-1.91937596045,0.414903019949,-0.386380929732,0.0235882279162
C:\Users\leado\AppData\Local\Temp\_MEI97~1\parsed_files\36.txt,-6.67429244311,-1.9184144382,-1.78308903648,-2.15140050374,1.49574500843,0.0112548845731,-0.00871247639765,4.71448452629,1.42762688087
C:\Users\leado\AppData\Local\Temp\_MEI97~1\parsed_files\37.txt,0.725807795884,2.35958668613,1.38453353959,-1.03637330438,-0.0189525187695,1.92033369582,0.21669399984,1.38854685915,0.96453581846
C:\Users\leado\AppData\Local\Temp\_MEI97~1\parsed_files\38.txt,-4.03477163957,-1.03766217053,-2.44317398561,-1.75132293184,2.37394991325,-0.152323327039,0.427960906563,-0.404737224315,1.44237365464
C:\Users\leado\AppData\Local\Temp\_MEI97~1\parsed_files\39.txt,-4.00935958737,7.69691795398,-2.00735795923,-2.10560881781,2.25400914938,0.656925449209,0.444378230081,-0.219092979275,1.94442640825
C:\Users\leado\AppData\Local\Temp\_MEI97~1\parsed_files\4.txt,-10.7676528198,5.30249234291,-5.6216506465,-2.59805594421,-2.32610698685,0.132888908598,3.76248587696,-3.07773969132,1.31914528801
C:\Users\leado\AppData\Local\Temp\_MEI97~1\parsed_files\40.txt,2.56416664789,4.42608032817,2.30070527621,-2.84343244864,0.670053292045,1.12980489533,3.62477662211,1.21827671721,0.163110581763
C:\Users\leado\AppData\Local\Temp\_MEI97~1\parsed_files\41.txt,0.699055046294,-8.6098642071,1.37220908924,-2.56956984509,3.15357868082,-1.18764204939,0.602594114923,4.5577184882,-0.677741998026
C:\Users\leado\AppData\Local\Temp\_MEI97~1\parsed_files\42.txt,7.47146807495,-1.57743010435,-0.699829752175,2.01017435077,3.206169408,0.13496385847,0.853580668269,-1.28684194393,0.611597798487
C:\Users\leado\AppData\Local\Temp\_MEI97~1\parsed_files\43.txt,-14.7067907642,-11.9137135236,-7.46884213032,-6.62398645174,-7.07207334054,-2.50818004216,-8.57894748489,-3.07773969132,-9.87164201908
C:\Users\leado\AppData\Local\Temp\_MEI97~1\parsed_files\44.txt,6.40173278213,1.96942822284,0.795067446839,3.3981549974,0.502144856018,-2.6017421566,0.530401084681,-2.67748717945,0.290829431518
C:\Users\leado\AppData\Local\Temp\_MEI97~1\parsed_files\45.txt,1.12532830889,1.06001414936,-0.976168890341,0.0273612204987,0.427858304232,-0.897507730462,0.976448079766,-2.1765181014,0.277251774175
C:\Users\leado\AppData\Local\Temp\_MEI97~1\parsed_files\46.txt,-6.45586153672,0.636934509825,-0.821163791287,1.20286102872,0.149230752224,-0.867780782859,-0.547870385482,-1.56909927391,0.842108000175
C:\Users\leado\AppData\Local\Temp\_MEI97~1\parsed_files\47.txt,2.10137501483,-2.30833414804,-0.80821305716,-0.0309891379002,1.61785314294,-0.929073842254,0.638010000367,-2.7395086281,0.564276783624
C:\Users\leado\AppData\Local\Temp\_MEI97~1\parsed_files\48.txt,-2.97254524316,1.24313222186,-1.17573200901,0.560577695868,-0.0435720632829,0.516830200854,1.14394149339,1.67088664541,0.974652634487
C:\Users\leado\AppData\Local\Temp\_MEI97~1\parsed_files\49.txt,-4.97762789216,3.22560428701,-1.12653907457,-2.31042138145,0.80520482004,0.605472202773,-0.688431090916,4.53728787289,1.90290612284
C:\Users\leado\AppData\Local\Temp\_MEI97~1\parsed_files\5.txt,-14.7067907642,-11.9137135236,-7.46884213032,-6.62398645174,-7.07207334054,-2.50818004216,-8.57894748489,-3.07773969132,-9.87164201908
C:\Users\leado\AppData\Local\Temp\_MEI97~1\parsed_files\50.txt,-14.7067907642,-11.9137135236,-7.46884213032,-6.62398645174,-7.07207334054,-2.50818004216,-8.57894748489,-3.07773969132,-9.87164201908
C:\Users\leado\AppData\Local\Temp\_MEI97~1\parsed_files\51.txt,0.158260391802,-0.275433983478,1.08073377811,-2.59806410331,1.54645492853,-1.28922537717,0.807757273691,0.923557934468,1.00172361768
C:\Users\leado\AppData\Local\Temp\_MEI97~1\parsed_files\52.txt,1.09159257443,-3.2258298695,0.336309771083,-0.953338815145,1.2622948406,-0.363909972298,0.370507377817,0.814597239469,0.798462425834
C:\Users\leado\AppData\Local\Temp\_MEI97~1\parsed_files\53.txt,0.742662403602,-0.863797527801,0.424072594422,3.9502079976,-0.0705221176842,2.97864462163,0.885679026709,-0.199119605987,0.550210002647
C:\Users\leado\AppData\Local\Temp\_MEI97~1\parsed_files\54.txt,-14.7067907642,-11.9137135236,-7.46884213032,-6.62398645174,-7.07207334054,-2.50818004216,-8.57894748489,-3.07773969132,-9.87164201908
C:\Users\leado\AppData\Local\Temp\_MEI97~1\parsed_files\55.txt,8.12765744515,-0.506080915582,1.18971803053,7.26616073885,1.62102348271,-0.626728134958,0.457630464714,-3.07773969132,1.37153350175
C:\Users\leado\AppData\Local\Temp\_MEI97~1\parsed_files\56.txt,-3.61654710724,2.74659380541,-1.20203087302,0.955090096148,-0.400155837999,0.564485842053,0.840423641015,0.118124290899,0.201317807892
C:\Users\leado\AppData\Local\Temp\_MEI97~1\parsed_files\57.txt,4.30425205979,-2.61495767707,-0.53448782181,0.721240756037,1.2268608835,-1.54632409543,0.576333328032,-0.556646952707,0.308329017526
C:\Users\leado\AppData\Local\Temp\_MEI97~1\parsed_files\58.txt,3.75596014734,3.74720727193,0.402324242515,4.38688272786,2.01622867819,-0.675624968598,-0.63650628032,-1.75345167869,1.1934768403
C:\Users\leado\AppData\Local\Temp\_MEI97~1\parsed_files\59.txt,9.72345671658,-0.933245914789,-0.815260317405,1.54959587012,2.27859132995,-0.904205697587,0.690413452299,-1.61698305707,0.39529077767
C:\Users\leado\AppData\Local\Temp\_MEI97~1\parsed_files\6.txt,-14.7067907642,-11.9137135236,-7.46884213032,-6.62398645174,-7.07207334054,-2.50818004216,-8.57894748489,-3.07773969132,-9.87164201908
C:\Users\leado\AppData\Local\Temp\_MEI97~1\parsed_files\60.txt,-2.67380911463,0.293259209628,-0.384281346653,0.952069962568,-1.04469034743,1.40291969639,0.501518595953,2.91901709597,1.61775822736
C:\Users\leado\AppData\Local\Temp\_MEI97~1\parsed_files\61.txt,4.85276183428,-6.34973859826,1.47032856121,2.93942653149,-1.06348612545,5.68818932701,1.46600308121,1.61328379275,-0.854953349691
C:\Users\leado\AppData\Local\Temp\_MEI97~1\parsed_files\62.txt,2.57050113405,2.49823625326,1.23943222715,-0.911862272417,1.62980012516,-0.308127055289,0.00417800438766,0.325321587543,0.742187432866
C:\Users\leado\AppData\Local\Temp\_MEI97~1\parsed_files\63.txt,-0.311253155045,0.0193754860397,1.01864350989,3.23246387781,-0.360870636798,-0.977051143997,0.584380727341,0.37306024578,1.37999451764
C:\Users\leado\AppData\Local\Temp\_MEI97~1\parsed_files\64.txt,10.4616946665,-3.92842704175,0.775282257838,-0.204374043611,0.671950348311,-0.303076786031,2.02430341491,-1.16730351955,0.167271328524
C:\Users\leado\AppData\Local\Temp\_MEI97~1\parsed_files\65.txt,-2.46171407562,2.38174364489,1.22398194606,-0.753027120578,-0.00101893094439,2.095446393,-1.35659576332,-0.324723355563,0.990724486244
C:\Users\leado\AppData\Local\Temp\_MEI97~1\parsed_files\66.txt,-3.34376443903,-3.04771346782,0.841369372889,-0.223849640541,0.789335109319,0.256583598344,-0.567341024084,1.02335765402,0.603879912079
C:\Users\leado\AppData\Local\Temp\_MEI97~1\parsed_files\67.txt,2.71696116391,0.645166405621,0.822441102057,2.98197421278,2.82915693443,2.99157612785,-0.179223856885,2.06847188266,0.609509444917
C:\Users\leado\AppData\Local\Temp\_MEI97~1\parsed_files\68.txt,-4.80384396013,-8.32880402866,4.38727585453,-2.57578184031,1.54002836052,1.06909847834,2.05835096957,4.9989318334,0.365236306711
C:\Users\leado\AppData\Local\Temp\_MEI97~1\parsed_files\69.txt,-3.16554565525,-0.315535890248,-1.00909504491,0.0379494119168,-1.21556003573,-1.33071633719,0.152681149553,2.73766450062,1.0838911463
C:\Users\leado\AppData\Local\Temp\_MEI97~1\parsed_files\7.txt,2.73007198488,4.39641328632,0.0933370357773,1.89899319711,1.20841918961,-0.855692643502,1.67197975375,1.79426854505,0.57457456273
C:\Users\leado\AppData\Local\Temp\_MEI97~1\parsed_files\70.txt,-2.45108298752,6.63233374399,0.760466046296,3.29188725623,1.0957053739,-2.53432590285,-0.846620322231,0.055123665691,1.24230988536
C:\Users\leado\AppData\Local\Temp\_MEI97~1\parsed_files\71.txt,4.93105160375,-2.54018451669,-0.560789173255,-0.157448078419,3.29302664311,-0.465166390097,-1.18713965719,-1.45574634732,0.89739310974
C:\Users\leado\AppData\Local\Temp\_MEI97~1\parsed_files\72.txt,-2.51165792911,6.558701279,6.23838064066,-5.54391739749,2.66328162408,1.4893453944,2.70362200068,-0.231361280255,-0.00682554548068
C:\Users\leado\AppData\Local\Temp\_MEI97~1\parsed_files\73.txt,-2.10735854064,0.870242386173,0.0163858722436,-1.55336009858,-1.33833929093,-0.820446548109,-0.779521260639,-0.639777084324,1.11324148132
C:\Users\leado\AppData\Local\Temp\_MEI97~1\parsed_files\74.txt,2.36194856338,3.29732917315,3.62373590444,-0.846340096556,-2.45628133489,1.01654778939,0.464321104442,0.902166543883,0.314954407479
C:\Users\leado\AppData\Local\Temp\_MEI97~1\parsed_files\75.txt,-4.43816150429,2.43919252043,-2.59555635265,2.36418161843,0.255266012731,-1.0091455163,0.624051482963,1.1223238101,1.12072173458
C:\Users\leado\AppData\Local\Temp\_MEI97~1\parsed_files\76.txt,-7.13136642679,8.91750565488,-2.63872601055,-3.75604864419,5.37578043344,-0.711356354288,1.08060517939,3.47607011457,1.9500202408
C:\Users\leado\AppData\Local\Temp\_MEI97~1\parsed_files\77.txt,2.91236397176,5.07404875665,0.604222242241,0.44579179086,0.673532073891,-1.47875867289,-0.436334794506,-1.50221052258,1.58920336031
C:\Users\leado\AppData\Local\Temp\_MEI97~1\parsed_files\78.txt,-0.682248053735,-0.689191251115,4.88888928401,7.43817688538,2.19831024506,-0.0682083221899,-0.588864432935,-2.16562926329,0.729400928006
C:\Users\leado\AppData\Local\Temp\_MEI97~1\parsed_files\79.txt,5.78324084412,-4.28976563827,-0.301847517337,-0.549695104101,0.255419967676,-0.487794996997,0.596916127585,-2.20537529997,0.330666125576
C:\Users\leado\AppData\Local\Temp\_MEI97~1\parsed_files\8.txt,-1.80242021939,2.08038709451,-1.04413810373,2.18853240621,-0.640237084747,8.60469863188,0.790348047837,-1.53206594655,1.05780982422
C:\Users\leado\AppData\Local\Temp\_MEI97~1\parsed_files\80.txt,0.34260745152,0.706592448239,1.61821706272,-0.418556291487,0.586266297602,-0.542931134194,0.363085106271,0.494832342615,1.37380184816
C:\Users\leado\AppData\Local\Temp\_MEI97~1\parsed_files\81.txt,14.6803189673,-3.91025689367,-0.207285538174,-1.21561796764,2.04707881255,-0.0146357225594,0.295485379673,-2.22260470879,-0.907394543993
C:\Users\leado\AppData\Local\Temp\_MEI97~1\parsed_files\82.txt,3.6594999701,-3.31322950562,-0.181981848507,-2.43123458206,0.284186540925,-2.48700573495,1.71632769651,3.69055218255,-1.1038446429
C:\Users\leado\AppData\Local\Temp\_MEI97~1\parsed_files\83.txt,1.89315037192,-1.56727692581,-0.793109253424,0.105919762149,0.294812224804,-0.632158436078,-0.33937713814,-2.39688975363,0.957401988879
C:\Users\leado\AppData\Local\Temp\_MEI97~1\parsed_files\84.txt,0.227023356978,0.563376436872,-0.80558912811,0.306555596045,2.56481950933,-1.00567696436,-1.14139815706,3.36437782794,1.16362521525
C:\Users\leado\AppData\Local\Temp\_MEI97~1\parsed_files\85.txt,-1.29908291773,4.49217703506,-1.29594870116,-3.01130087077,1.89786453245,-5.57286063169,0.0348679248434,2.00861088478,0.95469382739
C:\Users\leado\AppData\Local\Temp\_MEI97~1\parsed_files\86.txt,-4.42866799956,0.0741242005683,-0.563818661228,0.918197530806,1.17549950159,-0.0642665447768,0.129323743201,1.65306788331,1.26663061485
C:\Users\leado\AppData\Local\Temp\_MEI97~1\parsed_files\87.txt,-2.80149203448,-1.12724254704,-0.685657873774,-0.747588341378,-0.824073598474,4.23147649228,0.363947531415,0.192178911297,1.06383634625
C:\Users\leado\AppData\Local\Temp\_MEI97~1\parsed_files\88.txt,17.6852462708,-2.2398893481,4.21280353762,2.93749524424,2.37967016572,0.676579505345,2.73092440295,9.32950607037,0.512082256252
C:\Users\leado\AppData\Local\Temp\_MEI97~1\parsed_files\89.txt,2.0249361813,6.59310649422,2.38465750794,-2.5904355547,2.93123726314,0.868676464512,0.862373738439,-0.317586653453,1.76501698678
C:\Users\leado\AppData\Local\Temp\_MEI97~1\parsed_files\9.txt,7.69492232466,1.56249563053,2.98884555477,7.00939118312,4.61144835262,-0.941471919271,2.80003609476,0.843783533948,1.57191460891
C:\Users\leado\AppData\Local\Temp\_MEI97~1\parsed_files\90.txt,-14.7067907642,-11.9137135236,-7.46884213032,-6.62398645174,-7.07207334054,-2.50818004216,-8.57894748489,-3.07773969132,-9.87164201908
C:\Users\leado\AppData\Local\Temp\_MEI97~1\parsed_files\91.txt,-1.48215848685,1.44713932276,0.63630457851,-1.68584161121,0.740906417219,-0.742079503112,-0.0161473560508,4.46380403235,1.74876046023
C:\Users\leado\AppData\Local\Temp\_MEI97~1\parsed_files\92.txt,5.25398189479,3.56018013094,4.08217759757,0.321074178037,1.85756224134,-4.43758383681,-0.137261361316,0.506884166011,0.368805205763
C:\Users\leado\AppData\Local\Temp\_MEI97~1\parsed_files\93.txt,-12.0592064801,15.3057873234,-4.37016408911,-6.62398645174,0.210765586836,3.65041120994,2.78662445946,1.99072848279,2.44721238228
C:\Users\leado\AppData\Local\Temp\_MEI97~1\parsed_files\94.txt,-4.50860803254,-0.894590613416,1.18624542121,2.72721281573,-1.52625507461,-0.621217431911,0.848987210129,-1.41618002233,0.55829896756
C:\Users\leado\AppData\Local\Temp\_MEI97~1\parsed_files\95.txt,0.0456631619005,-1.01856390358,-1.48758312323,0.754391764337,-0.357125742023,-1.12802723564,-0.290350661099,-2.03794125791,0.692144541929
C:\Users\leado\AppData\Local\Temp\_MEI97~1\parsed_files\96.txt,-5.43063129457,4.66238312,-0.466816668299,-3.13836689993,1.48253417229,0.709449495785,1.01506353802,1.63765989618,0.897611220058
C:\Users\leado\AppData\Local\Temp\_MEI97~1\parsed_files\97.txt,4.25032443291,2.14323431092,0.028552096978,3.82568153018,-1.12725502558,3.03511117361,-0.366992971646,-1.64266610433,1.05634895986
C:\Users\leado\AppData\Local\Temp\_MEI97~1\parsed_files\98.txt,-0.409660746518,-0.741805427198,2.15335821298,-0.311437932294,-0.321895439181,-0.141405067629,0.591025181428,0.718452121958,1.14192947019
C:\Users\leado\AppData\Local\Temp\_MEI97~1\parsed_files\99.txt,1.39301320934,0.236256875104,-0.186233945534,1.10964864924,2.53906581649,1.33849997033,0.494309453029,4.50265343277,0.699399704637
