"filename","lexical_density_types","lexical_density_tokens","simple_ttr_aw","simple_ttr_cw","root_ttr_fw","mattr50_cw","hdd42_aw","hdd42_cw","hdd42_fw","mtld_original_aw","mtld_original_cw","mtld_ma_bi_aw","mtld_ma_bi_cw","mtld_ma_bi_fw"
"289.txt",0.544530577088717,0.442149968071564,0.468886941279579,0.62199000454339,0.606817756004679,0.651633724107354,0.558868781121071,0.836488374738554,0.784742660729239,0.365922708783708,0.212697204040928,0.359742220178461,0.0933668846796342,0.161190636738697
"262.txt",0.560780304966352,0.261940814984244,0.345496894409938,0.650159018627896,0.463551514068008,0.795725200284574,0.60772952201222,0.871935629165346,0.800535775597918,0.381193660088137,0.164503592930384,0.458469512057307,0.0903223123531244,0.220527382907252
"276.txt",0.500244430476989,0.585933395778052,0.463224893917963,0.46236559139785,0.875797105263835,0.627535298106414,0.763558492032779,0.801024696315487,0.918138905677232,0.594074112298132,0.146095543441899,0.584184773065688,0.389059062850486,0.448501790715833
"29.txt",0.864254952627046,0.757459070507543,0.201900237529691,0.238123167155425,0.695582476085967,0.663175935377365,0.790455359031311,0.87330167377258,0.814341157063721,0.651109376661345,0.212695756659724,0.569123726788097,0.506535733275811,0.325411164674965
"15.txt",0.476589147286822,0.416733864464729,0.24234693877551,0.316532258064516,0.585217459069248,0.547539931322227,0.558798113357959,0.772422525670585,0.819414140050686,0.471587011722596,0.105003456925279,0.410067928109919,0.29106757504527,0.299784122046803
"114.txt",0.429692866254538,0.390678362025018,0.350404312668464,0.442465093885412,0.52754717002798,0.538259423084193,0.519354697137221,0.765188423920809,0.794587707742928,0.283434108979084,0.0722965084399572,0.363674521288225,0.323102750755162,0.219585196037379
"100.txt",0.593163351078734,0.288018929363353,0.313790255986788,0.599620493358634,0.364632853907287,0.738406069614321,0.474806082540846,0.856077028349349,0.71797657287067,0.308806831046362,0.191153450125649,0.418894434664104,0,0.232168797025913
"128.txt",0.493865592382347,0.416733864464729,0.500637755102041,0.649865591397849,0.954844458603396,0.776546275449506,0.904167790319394,0.927637004626798,0.940567772214666,0.68273848155526,0.324886004927029,0.551908718626269,0,0.362693667129201
"129.txt",0.520074048362837,0.308003140093319,0.30757498729029,0.521889400921659,0.777960300475542,0.697111100309466,0.655750727158311,0.888809817071356,0.828223100607047,0.431927478711734,0.157534108129135,0.380396978719602,0.486319686287834,0.235750519599728
"101.txt",0.688324142891393,0.325882441484157,0.50125313283208,0.897148200093502,0.495433932512207,0.922224112509923,0.69589892523609,0.972287094034259,0.785815831278609,0.583256850696856,0.505694840472642,0.459352739873096,0,0.210407935379652
"115.txt",0.536537467700258,0.508720930232558,0.343045112781955,0.404394576905096,0.433907826725097,0.470681637745265,0.63242139969632,0.763690583878668,0.807774631330926,0.431134405322598,0.112688434885909,0.450191747794009,0.264771232374926,0.328473498793904
"14.txt",0.494573643410853,0.675660419959359,0.625,0.566532258064516,0.282795368541309,0.54209906997845,0.473896482811162,0,0,0.28204573197591,0.0455157113068804,0.224530575922307,0.107496822912923,0.1705280322481
"28.txt",0.893996755002704,0.515060404525981,0.452079566003617,0.767921146953405,0.24716639005596,0.805632399859954,0.727137148244464,0.924080334230746,0.725447089499547,0.362380876350098,0.323094536638701,0.389469978111165,0.085924596770388,0.17414004663803
"277.txt",0.706358283559961,0.632412383575223,0.136349550666254,0.160143369175627,0.798351091340524,0.585033303432418,0.77605755976592,0.802346162043253,0.919556591073813,0.654290279017359,0.116754904096251,0.538635447069155,0.375139214009342,0.460265654138493
"263.txt",0.245478036175711,0.328189032015789,0.251665433012583,0.257237386269644,0.664699917632955,0.290191753391762,0.431570088883039,0.682984114457078,0.835076657611735,0.256308020112436,0.0294652758937453,0.332298035978754,0.149761890742014,0.30774114590778
"288.txt",0.59115704852139,0.667881510566817,0.278969957081545,0.24972191323693,0.651614800007154,0.513043831539816,0.637120609569427,0.754566263599202,0.843574771529061,0.462001624466953,0.106516466784935,0.418030836871853,0.236641910238275,0.353359123842664
"275.txt",0.536537467700258,0.689931962388197,0.551181102362205,0.504032258064516,0.625110024107588,0.650069940644966,0.786053480346193,0.785201884473516,0.884555082461029,0.51696342004576,0.117793378038959,0.582081025939725,0.245054243702634,0.442857697495134
"261.txt",0.75577703949797,0.515625731655696,0.20973892637137,0.354257483289741,0.868475180778882,0.647953474010072,0.799163651433069,0.902940398735545,0.866378186642996,0.578075983232833,0.152436201751375,0.537744350853319,0.444401967566623,0.308422816259562
"249.txt",0.45439551377206,0.231088409581787,0.552560646900269,0.895698924731183,0.706854647308374,0.879499314341097,0.737783057154675,0.951977738047365,0.855648390385225,0.598909340124969,0.430518652928088,0.626297523988702,0,0.508053505376014
"16.txt",0.847346451997615,0.327105441408896,0.357142857142857,0.795698924731183,0.561952098914881,0.862265782306613,0.661901053132016,0.980844232392386,0.772449935218912,0.416613208809644,0.65529993735554,0.481263862360534,0,0.212892849267615
"103.txt",0.662266918080872,0.159058161895195,0.05175983436853,0.372275501307759,0.0633257222437558,0.439718725189974,0.195893282848507,0.759530502983024,0.652707067664621,0.115059906321501,0.0494159623820389,0.243422378516913,0.188650722305589,0.12758140947407
"117.txt",0.64262782867434,0.340014885058913,0.408163265306122,0.7134478424801,0.505368241150183,0.849819342503929,0.682773363179847,0.921345140316262,0.792246177588587,0.45453103068981,0.296863794202147,0.440383695635819,0,0.219068030347465
"116.txt",0.51092318534179,0.577981539742822,0.414884516680924,0.420171498570845,0.639777058710691,0.4792824467884,0.633809262339418,0.778050932502877,0.824110292699884,0.370303228169108,0.0755382136260062,0.340388747020221,0.186820830300481,0.3065774701002
"102.txt",0.728372093023256,0.589351568127815,0.561224489795918,0.729032258064516,0.599250973757315,0.764377467282779,0.866971753148463,0.908968536296176,0.862022225892481,0.629309980742322,0.324239085822911,0.571270944251617,0,0.209170282186517
"17.txt",0.674418604651163,0.479503938524034,0.398886827458256,0.585342937676167,0.652422368075457,0.779218597070474,0.741028344670342,0.876372178672426,0.843455562670757,0.487441478894337,0.304610578273173,0.535590296692186,0.0950583137499174,0.418932741766937
"248.txt",0.319461444308445,0.431671934974035,0.460164835164835,0.46236559139785,0.476641997508256,0.446107897622018,0.460297325329097,0.712897672332914,0.770895481344988,0.156725323473472,0.0364688167290049,0.253243331366518,0.193553208449582,0.126328919752191
"260.txt",0.89922480620155,0.836913612883061,0.383833248601932,0.42314990512334,0.652422368075457,0.642225246682545,0.821530295494067,0.866832306622896,0.822352814861738,0.702025212281366,0.259819096938957,0.564435271100104,0.525605217997238,0.269905929812042
"274.txt",0.76280394885046,0.513831322775215,0.404974489795918,0.619228336495889,0.551483841349741,0.696713681331733,0.742298477777465,0.916746666769332,0.784918048890077,0.350668283485038,0.324382154470937,0.412610253662602,0.370943187433812,0.242578187591597
"258.txt",0.449612403100775,0.265941387701573,0.205254515599343,0.376557010539764,0.613004416039552,0.535187705568786,0.63677655090774,0.829206497664442,0.84343613835463,0.416947645172782,0.110170664611226,0.425847101042735,0.298092170339869,0.484638088295976
"270.txt",0.24161414185322,0.297737830450176,0.261398176291793,0.290322580645161,0.831172046437856,0.445549403528308,0.668944496764905,0.750332607556433,0.917955945902023,0.503546440127342,0.0402540579493911,0.497031385388274,0.195983018840404,0.751928903517254
"264.txt",0.553555055430524,0.244116160801643,0.471938775510204,0.847782258064516,0.556897811531382,0.849117235643265,0.610595201344814,0.949695057471009,0.78293145460823,0.331421912472969,0.375489454849185,0.289293078943904,0,0.108817540520745
"13.txt",0.55785242606948,0.453723372392534,0.466472303206997,0.617404351087772,0.268073566734667,0.588978479733917,0.431652511176836,0.782576366425266,0.669898698961106,0.346336383885355,0.0802519510605854,0.327892337384607,0.145327585718735,0.168059464850053
"106.txt",0.803967941137827,0.578908504205138,0.185561769191662,0.301964588891584,0.390297832870161,0.584774002603195,0.636437018706394,0.802344791980403,0.797242084680048,0.428656125518287,0.113568076982182,0.419811093302134,0.350374566853191,0.341101760894354
"112.txt",0.703530199096536,0.413246638128101,0.288600288600289,0.51485902971806,0.627348666630316,0.705077312767002,0.739967348281651,0.88371898503306,0.844628210196414,0.503225473165905,0.243873363783501,0.536924380274521,0.508838128094053,0.354370988213506
"113.txt",0.797040169133192,0.696025429942083,0.345104333868379,0.417921146953405,0,0.405151664083273,0.188470205233698,0.692836873734192,0.513058547767997,0.213203575602168,0.0643523318860303,0.278166411947921,0.187937668873999,0.0147921952306438
"107.txt",0.687264673311185,0.596856685678385,0.372670807453416,0.46236559139785,0.78770820752935,0.613683041113075,0.772625870553705,0.828829758790725,0.902752428304398,0.635628495459769,0.155772986393912,0.522467070879355,0.278028002878163,0.441428148215669
"12.txt",0.490151226331173,0.59546192931943,0.442477876106195,0.425328554360813,0.42714829076483,0.367471929227628,0.416769553451307,0.719073979038568,0.749909543777647,0.265272587245347,0.0356718778265281,0.230435133400788,0.114504915403688,0.120517643175603
"265.txt",0.619587823785214,0.282743898684292,0.514485514485514,0.914746543778802,0.44457841237029,0.886679952688799,0.686522227164359,0.958263439321272,0.790548628887634,0.550946237249117,0.438312487849135,0.430837257852473,0,0.325261118728768
"271.txt",0.475223236188794,0.131914653420637,0.34375,0.736175115207373,0.407783506679211,0.749769114859281,0.51735587426822,0.879496076021938,0.770768592141723,0.271209653313764,0.217379811988068,0.337387595014858,0,0.280643649489866
"259.txt",0.637294644762108,0.518810679611651,0.408653846153846,0.53955857385399,0.642367676045339,0.658189959120474,0.848471641890444,0.875226818985664,0.878303370609065,0.527240399709605,0.207101630251459,0.591963147235313,0.555274478785903,0.452307903892177
"267.txt",0.862965741435358,0.37209135489669,0.267417311752287,0.620156518419546,0.621987293325192,0.841745113606292,0.72086610582461,0.941951403534846,0.813031553812146,0.55121945628577,0.569939525740745,0.51443415376102,0,0.285476289669353
"273.txt",0.401124791001672,0.239321224588779,0.297619047619048,0.494885916601102,0.651023011435802,0.675090476043181,0.660535802064433,0.832210437939061,0.859742017433841,0.294114758873699,0.109897165035729,0.405492827017512,0.505060720386572,0.279567334292896
"10.txt",0.445668434652522,0.470120783123416,0.544918998527246,0.617404351087772,0.433670992289058,0.588978479733917,0.550005439899909,0.781997537751875,0.762386371264102,0.370794408647384,0.0815389758023499,0.259020791159912,0.106763002916277,0.123028171510465
"38.txt",0.446532866093236,0.303231812741056,0.357142857142857,0.542825361512792,0.437146633943809,0.523924741345633,0.579888291444717,0.800464813553098,0.791781231187247,0.405617202541483,0.0910502221093552,0.396901021617873,0.23124251718015,0.310071224067851
"139.txt",0.779883242415542,0.300293519981937,0.312764158918005,0.711121810303322,0.194295706495218,0.683654052146736,0.393555627406852,0.893361106980206,0.656993054725727,0.204284173751384,0.250441211414253,0.273328854772805,0,0.0965336766892553
"111.txt",0.66442721791559,0.155052771145689,0.311550151975684,0.800674049109292,0.315377802103915,0.800379317732159,0.411127764537696,0.908833228863843,0.708344477479636,0.234439300551499,0.331763196085016,0.353291031298685,0,0.207683970877088
"105.txt",0.824289405684754,0.383761943540319,0.417335473515249,0.807603686635945,0.575497274883721,0.842213184846734,0.708100206430593,0.97095039964221,0.787231529208818,0.594522761890414,0.600329783480584,0.578372020757966,0,0.289466004790625
"104.txt",0.663083838186437,0.374934061783982,0.429212043561819,0.720430107526882,0.640745664737622,0.824208399063792,0.812399259662358,0.938957308244213,0.862890339997091,0.406462496107403,0.375581905642208,0.411957114040465,0,0.25144651213278
"110.txt",0.728372093023256,0.358144643878353,0.263295099061522,0.544961461604339,0.488577851857453,0.633674648406487,0.613795724997321,0.893303370033092,0.776816543502946,0.403137194832282,0.170002100881112,0.402991829722689,0.41715992110391,0.22180582596705
"138.txt",0.764341085271318,0.547216538099818,0.298087739032621,0.451066156369601,0.509477022787541,0.62613725461189,0.685156699629816,0.864118279647505,0.769216322807917,0.452476065830441,0.196546111732438,0.439879804325039,0.491182045739386,0.219583888310697
"39.txt",0,0.0555994581169566,0.639097744360902,0.809032258064516,0.577635866850681,0.765566519224225,0.465475231558853,0,0.829251584357344,0.325949269145845,0.0975646966063984,0.249429301038866,0,0.293735297107978
"11.txt",0.68892223055764,0.455451854071403,0.527369826435247,0.788606726149622,0.269141017661094,0.746744079980888,0.473037064984411,0.88236550159304,0.657144966680464,0.278627808931999,0.209041998790314,0.41875791214269,0,0.172097898910715
"272.txt",0.575723199092456,0.561587881524662,0.514485514485514,0.591718825228695,0.579385927101261,0.591502526684561,0.705396770521354,0.83315617365804,0.821687227644955,0.576446993414924,0.174783444581254,0.449318788570544,0.390033292522038,0.176583980619568
"201.txt",0.750883299056057,0.551517550886591,0.364481409001957,0.526091081593928,0.723079076465516,0.776158648587695,0.799784286338466,0.902692796327358,0.848112261815726,0.782576456180965,0.281430867687505,0.685768315567507,0.860692790108614,0.449007876495229
"215.txt",0.38830162085976,0.286476333479701,0.44259421560035,0.629032258064516,0.668646287994408,0.740992779100979,0.593120972993656,0.858899229582285,0.809832634265134,0.382581132405879,0.190326831270386,0.41861319927494,0,0.16927973504702
"229.txt",0.517577068685776,0.378088109913292,0.660980810234541,0.914746543778802,0.236073796148668,0.862983846141382,0.348021642518066,0,0,0.16309647901439,0.195286544401962,0.183442447029691,0,0.00416014665593084
"76.txt",0.524547803617571,0.29274086605885,0.372233400402414,0.629032258064516,0.00993892075866754,0.59969377339231,0.0802403692365274,0,0.521001774366263,0.0922439004857457,0.0564145767178623,0.187499901120295,0.123136036316619,0.0160886012488036
"188.txt",0.842735042735042,0.313163242266878,0.304878048780488,0.726593233674272,0.691585534673809,0.888969431582268,0.794881173004382,0.9766777061794,0.865177008030151,0.673180538672862,0.710194944061836,0.553906575865898,0,0.336508515260623
"62.txt",0.511953618656765,0.464203732972078,0.348214285714285,0.430919050517346,0.782389193696675,0.594843693104827,0.767400143578661,0.818120018427699,0.90110393714988,0.585916978086499,0.153092604082623,0.552421260044131,0.415139146613176,0.472966354123716
"89.txt",0.756742002402009,0.710515917814405,0.748626373626374,0.86488131466829,0.471167426005132,0.802427129409096,0.845927662360322,0.929124707095853,0.7831076139998,0.880158051160834,0.325434730952844,0.635521285508711,0,0.307157072755724
"177.txt",0.608744882849926,0.517067904718898,0.477678571428572,0.608484312859037,0.566853396457903,0.704132168916109,0.711156096758814,0.839016248764411,0.828881597759291,0.500545154734669,0.213086041199818,0.545579404511556,0,0.200875496142248
"163.txt",0.551797040169133,0.296302908420716,0.382059800664452,0.658444022770398,0.302542900062493,0.618124078484745,0.39626082320064,0.837496409213689,0.676717225418156,0.209173444726022,0.137735051735684,0.313667194053801,0.299237965805536,0.223905766278221
"162.txt",0.759480410643201,0.579422231191443,0.338179519595449,0.474826650587881,0.499461049910598,0.628292522673674,0.69846698365107,0.847949469956794,0.797528631460882,0.49150222872475,0.143694058711223,0.402674208745659,0.438234774146925,0.176770871861393
"88.txt",0.433928249504236,0.410677102932691,0.363408521303258,0.444100751215201,0.59961851099915,0.559761445692034,0.602011775826706,0.793426029424206,0.809467276686279,0.402852838906862,0.111810014997261,0.343733481597575,0.23727198011495,0.256920417878137
"176.txt",0.605499915124767,0.624707001408207,0.464716006884682,0.500933084510797,0.954844458603396,0.701060451400703,0.87028208903423,0.830706796775084,0.972774976641473,0.763437977903945,0.167838199464947,0.762527823501919,0.568337132396287,0.565160113354681
"63.txt",1,0.505255763779133,0.347985347985348,0.695069993913573,0.249192914038205,0.840581094337295,0.615257085772048,0.928788394326958,0.68471312273356,0.461888845364004,0.406559541821987,0.449645038566778,0,0.151547151232749
"77.txt",0.923027815777473,0.332242041092798,0.244360902255639,0.661499790532049,0.0701559577178805,0.682630146308268,0.450540079167744,0.899861457133333,0.636392882683373,0.176883783986361,0.258574550507996,0.272120170875078,0,0.0791453467392225
"228.txt",0.741602067183462,0.269224190425365,0.415584415584415,0.879032258064516,0.312985097906421,0.831915617556992,0.611513366562144,0.96032500487923,0.736181667918398,0.435424361410315,0.428393061585985,0.397512634219643,0,0.187975991342858
"200.txt",0.704392764857881,0.249193152085851,0.366146458583433,0.799361928394186,0.519965315838989,0.842798273897287,0.65830615920148,0.95822290291985,0.801440036135349,0.410310210729535,0.465652906486942,0.382113699094177,0,0.189483165874397
"216.txt",0.487993949706939,0.433995634831038,0.457142857142857,0.575186104218362,0.583538659455953,0.659592264942724,0.787453565346652,0.839771377994537,0.863428072371335,0.662380534941086,0.148582579079631,0.551158435570395,0.259363196675621,0.425206925850022
"202.txt",0.643623234575767,0.300216914492146,0.403061224489796,0.750653879686138,0.777960300475542,0.826802694208768,0.775284590786096,0.936439248471649,0.883695040657188,0.590802742998129,0.497873328580995,0.571756556488266,0,0.368199671740987
"49.txt",0.524547803617571,0.257394445698803,0.416012558869702,0.729032258064516,0.577213310924626,0.7445033134043,0.483562578719843,0.908698770549846,0.732831938686913,0.325301072644254,0.277741775214395,0.309110965196278,0,0.109502572186441
"61.txt",0.995570321151716,0.602090882051291,0.558777016341592,0.898263027295285,0.613045741558359,0.93166679968691,0.917002444477992,1,0.828112190697118,1,1,0.768253771892429,0,0.285883020073577
"75.txt",0.327574750830565,0.2956230562495,0.495391705069124,0.639236339697169,0.58894798585915,0.609096990276205,0.558223501089474,0.808468613333224,0.823854711706382,0.251577574743556,0.0978095494654539,0.310814234404945,0.126622982399972,0.152214455755771
"160.txt",0.723730932733183,0.355809969054228,0.371148459383753,0.700460829493087,0.727132264052164,0.820618079889942,0.769389367314028,0.959585809543486,0.839985286568988,0.587267372638314,0.499068973710928,0.536590406504207,0,0.252490586847898
"174.txt",0.433047735618115,0.327105441408896,0.264423076923077,0.390937019969278,0.57419728787832,0.497010645020171,0.520755397336853,0.778747164362214,0.804150052866927,0.282284055766091,0.0452552221718186,0.32603908761202,0.24970360114389,0.262888010173588
"148.txt",0.366257294660744,0.441511525277613,0.198222829801777,0.183977313009571,0.575202677673484,0.245129808756892,0.454312022488427,0.717477875763797,0.765877650642579,0.284760070775491,0.0758027842224327,0.307465677455134,0.208079239357106,0.109859104540943
"149.txt",0.784323858742463,0.534260811639597,0.653495440729483,0.944416873449131,0.492169320333655,0.956780934558238,0.799995314144467,0.979785985518893,0.786844857440898,0.796938798835732,0.607097725358046,0.55855742003281,0,0.218947061614438
"175.txt",0.813679083487686,0.779034139833641,0.206409560021727,0.208168948711998,0.437636776217124,0.598055524050761,0.573006672035132,0.776289873118196,0.744692825346415,0.361191959956494,0.111742705785437,0.459929692894741,0.326331861658876,0.186977767842903
"161.txt",0.547604849930431,0.359194629910367,0.280612244897959,0.455955334987593,0.640295016357041,0.766236712136678,0.693023922057984,0.867915311235735,0.838402255403428,0.510377736079684,0.13381614382528,0.403727991854346,0.317936042975505,0.170220734301679
"74.txt",0.41749723145072,0.298442544695609,0.503988397389413,0.718775847808106,0.882810805788116,0.774463907889538,0.855105582365368,0.90932629657756,0.93810562847269,0.744639577297351,0.305872648132547,0.598425772740033,0,0.575964560682099
"60.txt",0.544530577088717,0.26051002092607,0.363128491620112,0.665264142122487,0.481474311537444,0.688159237835999,0.540389592336917,0.879353745857483,0.769478145225158,0.282513423880977,0.228977720713715,0.32707628895724,0.132695905555415,0.124271461032435
"48.txt",0.393410852713178,0.576073283230655,0.792778649921507,0.756939234808702,0.731616689764484,0.717562003634627,0.886036095075302,0.8549299505992,0.927714610832424,0.780811906691465,0.16719441924265,0.519354935318304,0.081188595373595,0.311939907218154
"217.txt",0.601225887867316,0.44110342262893,0.369747899159664,0.534437663469922,0.073145748662943,0.512523411468631,0.199594270276429,0,0.562553483701956,0.10356333282823,0.0506866072940827,0.213015368620356,0.119989441284283,0.0637168967691733
"207.txt",0.559031350758044,0.329640386707445,0.386363636363636,0.634650235592606,0.668223312509698,0.79966258364523,0.731893364126431,0.904070682305088,0.847207662221564,0.743984594807488,0.28708350761847,0.538606249679323,0,0.424460640312242
"64.txt",0.644444444444444,0.685149874872775,0.632011967090501,0.670698924731183,0.934516721228727,0.737332860359219,0.943175472825731,0.885172779579193,0.952634344141333,0.916361100372615,0.341823523289404,0.575143114516867,0.166675410502263,0.30209013519275
"70.txt",0.591836734693878,0.295262147072187,0.149911816578483,0.358198924731183,0.363186520338622,0.513816394344581,0.390082728449961,0.791182323630071,0.706974116948369,0.188398115657222,0.0621301405938295,0.283469963593166,0.233552868592621,0.127237535804969
"58.txt",0.843472868217054,0.339526673371785,0.25974025974026,0.629032258064516,0.361172410894278,0.781949012639724,0.466721381852396,0.907522626682798,0.68759257234658,0.262724242258609,0.368876504007085,0.334123903928125,0,0.121540672974063
"159.txt",0.678960144076423,0.654585002651657,0.519102990033223,0.587855787476281,0.648370052516311,0.621195796000151,0.731914657106211,0.84557932194079,0.83622305474831,0.575995846252854,0.234565701077917,0.437370970906789,0.467944000868277,0.214776059211135
"165.txt",0.224806201550388,0.0916371892325834,0.30952380952381,0.538868323638287,0.638860961138787,0.529044270537975,0.617067542417856,0.810780789159739,0.879227150754357,0.358835664109438,0.102906732089947,0.436486318425147,0.266442828974682,0.588583243164469
"171.txt",0.639833035181872,0.648608391773353,0.255863539445629,0.260345389377648,0.457791654260083,0.471418849948962,0.516336147453599,0.717582625063919,0.787353825963443,0.357279035671503,0.0689344783474942,0.387693795825192,0.259483023897977,0.239705913670466
"170.txt",0.630907726931733,0.585933395778052,0.601131541725601,0.712365591397849,0.39359533301151,0.676486711277456,0.71574242126259,0.847673129293131,0.757769024013075,0.497409819656521,0.166520208238827,0.427534932463677,0,0.237644280258564
"164.txt",0.317034386801829,0.647340327952134,0.591517857142857,0.430619559651818,0.88501300510432,0.494377744292681,0.698488036225217,0.726852246359204,0.975780124622045,0.508737910368088,0.0473340252920899,0.445882503724053,0.226020028565047,0.299067681595945
"158.txt",0.551797040169133,0.414539571621555,0.284503631961259,0.416160970935803,0.612697700947066,0.672706135873881,0.645091775946018,0.853732588746295,0.802471116345424,0.557741431307624,0.118271589304505,0.466321424579106,0.413486750521438,0.218393773199844
"59.txt",0.799568448813234,0.630573706316015,0.319829424307036,0.435154707044108,0.376462316470929,0.679056923892388,0.534917428073293,0.809957896649028,0.703726476351529,0.389555893815096,0.115001188084592,0.381946724667667,0.401176567757559,0.11717381821179
"71.txt",0.281599347205223,0.685564714431831,0.398126463700234,0.194249649368864,0.973525733313913,0.390102629434153,0.725167825396666,0.690138836855734,1,0.439213955662507,0.0541118527639168,0.442517072604515,0.205543604122161,0.464860757550838
"65.txt",0.67122986420364,0.384535743574205,0.0684678016284234,0.215452011150936,0.486568520292492,0.486665442161711,0.569398510407247,0.835388523668998,0.766517204508951,0.228951643248216,0.0702489922271659,0.275147491604309,0.260797586028621,0.139765676382189
"206.txt",0.76979093258163,0.499348563105039,0.386325736520289,0.611790878754171,0.613045741558359,0.863494707476568,0.835140664064103,0.922532357384521,0.85669835278466,0.76406751165727,0.369372475320243,0.650440500774063,0,0.30735523625248
"212.txt",0.593718942556152,0.363162852983082,0.438423645320197,0.695698924731183,0.41859846013936,0.732056873601616,0.61786286181963,0.880454400624359,0.761707640449688,0.417553650620478,0.20978416740195,0.473183722213659,0,0.310969255067618
"238.txt",0.384668389319552,0.117972454278618,0.521978021978022,0.943847072879331,0.683645323772824,0.876148349778836,0.534566537811358,0.967031077167724,0.799457509824585,0.402704279849575,0.494605231892511,0.354277011787436,0,0.127054253694323
"204.txt",0.371618414807784,0.21305941913841,0.164375373580395,0.320043494019572,0.537139718437322,0.365628898718384,0.445122472447558,0.763113212599691,0.777770580527379,0.22558872323825,0.0346115013938528,0.262860654396511,0.145803930570902,0.174722307165346
"210.txt",0.368045551210811,0.592932848286801,0.290456431535269,0.189901823281908,0.901452631223183,0.475708084588656,0.819516639744717,0.760913804894407,0.980797132499579,0.67451620168766,0.0984259115651604,0.618029696176282,0.241963123803626,0.725027571377355
"73.txt",0.81010045410761,0.213333319742086,0.103192518542406,0.486608015640274,0.439967999769886,0.776688255055868,0.640532117619364,0.918448795448741,0.810831804058806,0.310974179607083,0.240101789901055,0.33215585327521,0.849068358224456,0.18426290368796
"67.txt",0.660220318237454,0.48951322060376,0.386100386100386,0.550719005052468,0.495433932512207,0.646311603920234,0.548925424383166,0.849621853415874,0.724311189004721,0.45310464830508,0.192940661232948,0.345018026915097,0.474201536682071,0.133568935569285
"199.txt",0.486398872445384,0.430729894491466,0.347490347490347,0.441532258064516,0.732112177782085,0.595380297732378,0.759586199776545,0.841512187682023,0.874313017584916,0.460525395109457,0.172508216923659,0.439145808606364,0.330392478395324,0.282303595479048
"9.txt",0.856693903205531,0.853355114906654,0.840336134453781,0.914746543778802,0.0915589471561397,0.862983846141382,0.597615183463585,0,0,0.441894159161969,0.195286544401962,0.37091563328239,0,0.0435626312523446
"172.txt",0.568330284818396,0.373579438548958,0.610119047619048,0.895698924731183,0.633583648907763,0.929763782775011,0.77795331439133,0.956855827419993,0.844022137242193,0.668385086094336,0.430518652928088,0.588808746265806,0,0.391592319553955
"98.txt",0.634354133087727,0.385662677805374,0.367857142857143,0.605222734254993,0.516924067509493,0.795055007372122,0.632732508796514,0.882501864262753,0.774261614897996,0.54320162180201,0.250519713367228,0.449752782600803,0,0.242187584808012
"166.txt",0.224806201550388,0,0.274725274725275,0.600730371272063,0.516924067509493,0.581263468299875,0.58006425424158,0.820935020902162,0.85197332487833,0.424281203434744,0.133566899963277,0.369512678004095,0.336932670800419,0.352546121959709
"99.txt",0.374677002583979,0.479125805547773,0.524956970740103,0.534437663469922,0.884264806923122,0.634342746966088,0.811027000361589,0.823665824666795,0.933110755950549,0.466467012425289,0.145291434878919,0.487417870571434,0.31143945185311,0.39794683298727
"167.txt",0.686355217122864,0.631453447070032,0.270034843205575,0.31236559139785,0.562771724340987,0.569322707254072,0.615776181932086,0.776646208105681,0.813444521227582,0.481211891017133,0.0851100598362604,0.431695804006075,0.309553525699225,0.210282610136249
"173.txt",0.613660171799707,0.466527432829081,0.302197802197802,0.433380084151473,0.322303428282678,0.483582851309969,0.419765816889405,0.771375123205102,0.698080679658439,0.191632379986062,0.0725240935629125,0.231957241491004,0.240073803524071,0.0771638157810165
"8.txt",0.491902678639957,0.541402205999181,0.621693121693122,0.675698924731183,0.892920020691535,0.755642508789837,0.862685980352539,0.88935531626138,0.91291238658334,0.796632256854805,0.259963391746434,0.696748828193707,0,0.404848098152351
"66.txt",0.738648947951273,0.330425012633186,0.204081632653061,0.490376795879642,0.43352317137574,0.603379834410797,0.534729166995195,0.893124389194983,0.734736856332462,0.149944632364619,0.167176475208784,0.264203185577212,0.350619752494199,0.0985998785065608
"198.txt",0.792737658098735,0.262286445397757,0.238095238095238,0.644183773216031,0.104928412413327,0.687508756479795,0.445255308501566,0.872906696123514,0.665534385015654,0.384894479897768,0.205438457218154,0.391060412130562,0,0.227117351906559
"72.txt",0.551797040169133,0.675660419959359,0.55984555984556,0.534437663469922,0.265299241126721,0.512523411468631,0.361740749320104,0,0,0.211898149367743,0.0639341470017775,0.215573516439958,0.125729560891053,0.0380972748595008
"211.txt",0.838150289017341,0.219665027301798,0.0694654183026275,0.439766721341352,0.399831679448672,0.657576450323239,0.565544573151509,0.916106949718986,0.772913643253303,0.294041421050796,0.213089867944544,0.339574950731859,0.484963969877834,0.201663303302623
"205.txt",0.595075239398084,0.451257405197347,0.673469387755102,0.91164095371669,0.476641997508256,0.860121997524544,0.724928464158098,0.941838139821454,0.773629940752133,0.469026867086554,0.345813837945262,0.616708159255999,0,0.37226923793781
"239.txt",0.610188261351052,0.546197142212044,0.571428571428571,0.698263027295285,0.58894798585915,0.710275603946921,0.772028052790168,0.884744232413931,0.820860998486991,0.568351912434774,0.232905082841898,0.458033908595902,0,0.165239679573575
"220.txt",0.199475925319358,0.143997892677053,0.3,0.449786975045648,0.529920921776665,0.406175569921742,0.360082115532693,0.727623501295676,0.771756831082675,0.20249902477971,0.0398334164391736,0.235912722062429,0.118073945368515,0.266859201589692
"234.txt",0.632454780361757,0.455222947038255,0.371621621621622,0.544416873449132,0.350450025996753,0.585871044572983,0.555065440729154,0.820151616217977,0.731326552977891,0.310950661510275,0.12263499130784,0.325750971702247,0.264370363685269,0.169044644592705
"208.txt",0.710873664362036,0.216497328215549,0.342857142857143,0.807603686635945,0.199019011362962,0.807692930864077,0.308288721237469,0.916516736772625,0.630340162921094,0.166055881890717,0.276295192217686,0.245259023096785,0,0.0655476878073842
"195.txt",0.477713178294573,0.334009725329065,0.162026471930625,0.278638557277115,0.673453289775989,0.485331367434122,0.708015236438255,0.822165865759025,0.870330825433969,0.325782490586704,0.066676831373537,0.404781232276501,0.263788341960697,0.244183573353345
"181.txt",0.6928958266964,0.47131152076997,0.0525210084033613,0.145606843699875,0.502875625020001,0.47096088479212,0.667271682531837,0.776804401222308,0.851300345391674,0.388818574451722,0.0726217717714717,0.390087555363209,0.327239253103029,0.279062730603358
"57.txt",0.434625322997416,0.414772299650376,0.25974025974026,0.314872966029118,0.780008086474055,0.421150192809346,0.712923149373816,0.763509512964577,0.934548398875651,0.45481262735828,0.0552897413583068,0.399104363878114,0.221603583033284,0.50177810067581
"43.txt",0.492660399142339,0.531106330695486,0.521472392638037,0.569032258064516,0.761355313570821,0.69751616195985,0.763025044079877,0.84993171034749,0.865556326998935,0.47557399327417,0.201353336357549,0.593732676093723,0.582528171805544,0.328720730069803
"156.txt",0.920556781531149,0.610148881822164,0.464716006884682,0.712365591397849,0.546134195165456,0.86836089692288,0.82986306634366,0.940837191148775,0.80029396946776,0.757497837095768,0.487909619164885,0.617653186571202,0.131931467482092,0.166552079668228
"142.txt",0.298715089731337,0.363162852983082,0.63423645320197,0.712365591397849,0.753888468723179,0.676486711277456,0.735828111739481,0.844919766412186,0.89418495537932,0.573888159224273,0.166520208238827,0.492037502201849,0.081188595373595,0.371320691254806
"94.txt",0.584496124031007,0.23260831389077,0.357142857142857,0.717267552182163,0.43352317137574,0.703485491544444,0.467953672140744,0.891746614823641,0.736017409138424,0.341027442565545,0.259408549888752,0.324565595590946,0,0.127181497468873
"80.txt",0.592670894996477,0.252747045984797,0.333333333333333,0.665264142122487,0.403251400785247,0.761880458205738,0.582628237094287,0.870541314468621,0.775649621708139,0.412915190815667,0.228977720713715,0.450722839289514,0,0.256895608076047
"81.txt",0.931339977851605,0.834952528921614,0.140821174075331,0.150866319199887,0.539562665276534,0.632253979055611,0.657753609015205,0.811425555592006,0.757200094052547,0.576482888297023,0.1367017250693,0.495311489134388,0.47621677521441,0.173995592839174
"95.txt",0.547604849930431,0.546197142212044,0.0997217068645638,0.0940672230994812,0.560923172801201,0.38127505133941,0.497874892164814,0.736231877511933,0.781491098366466,0.253413630824637,0.0420672394290204,0.296788724732531,0.22055083661197,0.12114933842617
"143.txt",0.833958489622405,0.723357417024159,0.451127819548872,0.547835676867935,0.619755312559445,0.667994315793687,0.749123172543943,0.84447678778525,0.831488659217393,0.533614584992108,0.284145170824879,0.534169558969644,0.668255360408578,0.303945464383129
"157.txt",0.882170542635659,0.385197937833973,0.281593406593406,0.640482639743905,0.440165783311287,0.81411463995552,0.69192329156217,0.930326206206198,0.778116638092185,0.5726446212396,0.450973318050245,0.506657543292497,0.081188595373595,0.25167547196565
"42.txt",0.991587044047834,0.793354308820554,0.482374768089054,0.62496721741411,0.493835516588927,0.791468569624405,0.902319334219345,0.910393707421449,0.818038285579831,0.863105898923086,0.406104350758806,0.763217841037175,0,0.334828598932191
"56.txt",0.339600857661224,0.0714984571385566,0.303030303030303,0.644183773216031,0.596245946759774,0.694013570041831,0.55056573044146,0.860299429826772,0.83279508421536,0.395197678072527,0.205438457218154,0.402456836026906,0,0.337331614508434
"180.txt",0.512558139534883,0.617193133234765,0.273206056616195,0.233794162826421,0.64905838069907,0.500301770929535,0.63591366166537,0.73721470656583,0.870828007597347,0.458003213752115,0.0539906086030211,0.439533022907955,0.210271030567233,0.376198725910885
"194.txt",0.0864639236732259,0.313163242266878,1,0.975186104218362,0.844830396544728,0.918679823069071,1,0,0,0.945731328075096,0.266582420668352,0,0,1
"209.txt",0.302999662959218,0.183900682779636,0.431893687707641,0.660947151681537,0.525736851744063,0.629103834710026,0.550361010627185,0.820690173059868,0.800262688838486,0.482685578606937,0.139010708471534,0.436458958039117,0,0.28874005887245
"235.txt",0.575723199092456,0.321743057123504,0.325443786982248,0.570208728652752,0.388641432259367,0.622004142714731,0.476737255162793,0.837832444658203,0.726697224263583,0.331167642057208,0.178580142274551,0.334919106372126,0.179832738752513,0.16108239197327
"221.txt",0.958573643410852,0.651706861962059,0.465701699181875,0.700460829493087,0.451994615000788,0.818809622824593,0.757604383692374,0.953847788768078,0.727749770752398,0.647309742625704,0.438312487849135,0.490324165844981,0.113664033523033,0.161515459239847
"237.txt",0.38830162085976,0.78894078798826,0.390625,0.187855787476281,0.181445888893486,0.193142925765066,0.0369981657944014,0,0,0.142940115088823,0.00129253939722614,0.224843396335919,0.111763265231345,0.105387005892908
"223.txt",0.741192723923555,0.449099683901558,0.638392857142857,0.986175115207373,0.582949467047638,0.949869570148576,0.757973132058872,0.997342233500795,0.790959958884968,0.513074645438079,0.863607888881689,0.497195793573105,0,0.175306778289997
"182.txt",0.526735698523171,0.517287866598566,0.235783633841886,0.263784031114162,0.812157649515146,0.587273350395234,0.768908632746087,0.806876093028021,0.915341978138062,0.533067003237814,0.11063792013452,0.473533828573348,0.330780757682347,0.405361924115195
"196.txt",0.598069328652918,0.243393910995521,0.236102809324567,0.535625664657923,0.452797128741881,0.724317741160205,0.589962864216898,0.872573526533968,0.791939237905266,0.322414169487185,0.19152801179444,0.404243807816048,0.564647350205407,0.263404577660318
"68.txt",0.606295513272257,0.481465503338387,0.548469387755102,0.729032258064516,0.395629145328933,0.691845298854485,0.60258197651571,0.864160490988547,0.739759113385957,0.352655872093758,0.184747153997365,0.295940423052774,0,0.122289954372585
"40.txt",0.772160431412201,0.485399470341758,0.374901341752171,0.610513739545998,0.356850715751027,0.760958942951117,0.575596942642144,0.888549686289379,0.709215367697926,0.396372006144004,0.242802367528568,0.423948841234234,0,0.14532265368804
"141.txt",0.811257162116616,0.551825980374971,0.510204081632653,0.755698924731183,0.411144830740434,0.778325961211296,0.823150358538193,0.926776402849452,0.793259556743172,0.726743876724247,0.325899704058929,0.665860594687663,0,0.412134194596252
"155.txt",0.73380137487202,0.427636035222398,0.481203007518797,0.78756884343037,0.123264813844267,0.745787655222588,0.392318922016225,0,0.590437663303833,0.272420211149081,0.175580541334543,0.274125267658322,0,0.050791938650286
"83.txt",0.738648947951273,0.395275862628158,0.114443567482242,0.30550284629981,0.45515173423631,0.560352160598843,0.727960728983011,0.842863703065744,0.854702071323011,0.521173047315826,0.103404814327276,0.46646744572773,0.320340557063355,0.405924253953553
"169.txt",0.199475925319358,0.0714984571385566,0.280112044817927,0.501581277672359,0.495433932512207,0.4891119428377,0.429372333098968,0.747111484965506,0.794363460519026,0.237723481645579,0.0844257034929012,0.261725474377802,0.166673420585709,0.187149920708099
"97.txt",0.319461444308445,0.230218972794869,0.148305084745763,0.252627763682494,0.551321074939062,0.510306793694,0.51159309569848,0.753518560365458,0.802298311089292,0.270115511856946,0.0661931469368292,0.272847840912064,0.172108223821254,0.241752275813782
"168.txt",0.729249385517111,0.579672070726147,0.380507343124165,0.510611205432937,0.865691463959816,0.740157749096792,0.766274747765785,0.861671460426264,0.869901738138647,0.618296280438719,0.218759385376418,0.609736958156917,0.580440465067365,0.350044398178462
"96.txt",0.71010212870678,0.139164596974486,0.365714285714286,0.947214076246334,0.111853318465314,0.892903172590141,0.224437214243579,0.954751586364982,0.583569767527137,0.116028174926092,0.402354567645216,0.229224754508851,0,0.0727938666387232
"82.txt",0.743589743589744,0.639650766546199,0.76158940397351,0.939843068875327,0.743307581019958,1,0.940475915617316,0.982773438798699,0.861206564185545,0.995767656159345,0.679744237789731,1,0,0.394509317113833
"154.txt",0.435435435435435,0.22466627869876,0.402414486921529,0.679032258064516,0.755586077349751,0.794103765818963,0.746974875214285,0.911795912234232,0.890724599180106,0.425666776936336,0.205552256942316,0.497106586029706,0.0974263144483139,0.39194876624394
"140.txt",0.614161272276832,0.875033867690224,0.325,0.192095321127579,0.67162706770536,0.335129716420258,0.534960970965806,0.688668878973127,0.849589603477729,0.320313316915725,0.0369343155165028,0.319505084372168,0.168003030915741,0.276992326528583
"7.txt",0.807402554864068,0.403787536689998,0.553571428571428,0.972169512966477,0.238717375094947,0.913008959963706,0.580187344483337,0.97813329324312,0.659642845355222,0.356419262330923,0.55695812541853,0.410559580857744,0,0.183167530553703
"55.txt",0.797938495612914,0.730034996613231,0.260714285714286,0.294080801753836,0.336919670895983,0.56283316320744,0.478297882720917,0.76771322135848,0.688451493230944,0.256833304033885,0.0810142230648179,0.357682251936265,0.250646045906476,0.101757369136046
"41.txt",0.368682170542636,0.268775832753512,0.379008746355685,0.550084889643464,0.269141017661094,0.526942569080066,0.261145783918442,0,0.658718580245824,0.160159790556514,0.0529196140303651,0.251547310450123,0.144870899869758,0.108274589935636
"197.txt",0.65891472868217,0.31568935500341,0.368342458934793,0.694249649368864,0.73462809186109,0.88396726709078,0.810632282484038,0.949603484201381,0.879893166477054,0.808632816674887,0.44420214719288,0.65839653526704,0,0.443143618860314
"69.txt",0.806657546739626,0.340014885058913,0.238095238095238,0.572882525444195,0.730837375104788,0.757019131355269,0.759586468455915,0.941059755731404,0.857201084224988,0.483689748249754,0.36182997159882,0.443584994812902,0.744477390358811,0.281935052217627
"183.txt",0.637565128987165,0.250859039850982,0.306919642857143,0.659644502962475,0.561806799543293,0.724944622285798,0.726439945744507,0.914947711362021,0.86097218195737,0.659756593525994,0.340573793201902,0.480450042594872,0.081188595373595,0.422565752340433
"222.txt",0.617571059431524,0.234157447128773,0.480769230769231,0.925642427556042,0.452720421424392,0.894578654871271,0.651291181306048,0.970215639755843,0.788526794048356,0.527935460569899,0.491784395048928,0.464310004854711,0,0.165775157343454
"236.txt",0.12489233419466,0.366866527850949,0.428571428571428,0.34331797235023,0.765658704160358,0.386428814465561,0.564780468531846,0.688821053855422,0.88874901654262,0.272994937927466,0.0384968921415112,0.310690709620497,0.142659960442174,0.240121579497634
"232.txt",0.503439240091713,0.132938656747452,0.145278450363196,0.451612903225806,0.644365534291179,0.640731919398132,0.682214391438915,0.855036875319075,0.895843917183413,0.41621452772448,0.212067458555874,0.490870980157326,0.360175734002265,0.463234456708341
"226.txt",0.791884908163978,0.278936040939691,0.306560392397302,0.73342786246012,0.352626726342923,0.74274804625264,0.580572057879527,0.929426912442618,0.751988261185285,0.320633094647011,0.380087522231583,0.333347071383338,0.109604603754353,0.161272813043471
"45.txt",0.490151226331173,0.499690916225145,0.554785020804438,0.634408602150538,1,0.790698753441182,0.969060146931517,0.902073093958628,0.985765936943016,0.927262437120208,0.301960809174831,0.70023168988898,0,0.444289096554027
"51.txt",0.632454780361757,0.368279772208424,0.225563909774436,0.42480690595184,0.24280020322147,0.460628744058482,0.34252503163428,0.752319780588777,0.677905347711409,0.135728016108763,0.0427035726883341,0.238937666503339,0.148014114961233,0.0868090404346728
"187.txt",0.645719940623454,0.38332398633639,0.504032258064516,0.802109181141439,0.851069603379103,0.848000247455844,0.883675241571604,0.972481521635843,0.903058319907327,0.85376704030688,0.543925202768555,0.598806959732943,0,0.458124613614225
"79.txt",0.65511009654254,0.599744780652033,0.200074794315632,0.232857394676538,0.811176053680343,0.554030629431947,0.837563575503056,0.83273258811972,0.914428249691569,0.5128154063106,0.137568370218075,0.535664795482198,0.351112484506293,0.404717111868382
"193.txt",0.355128637231772,0.313163242266878,0.341836734693878,0.450460829493088,0.467664567410874,0.444352630470357,0.418758276737863,0.737469808922661,0.773161179834345,0.17764869643612,0.0484461446601549,0.317150966741217,0.184637313366546,0.182092323560133
"178.txt",0.746095944275924,0.618822883387367,0.316077650572424,0.409607797632862,0.671544664292901,0.729115471374744,0.752813978631992,0.881155919702898,0.810298502658035,0.58287097032476,0.208854839804217,0.572347258278222,0.691553848674281,0.253632348954973
"86.txt",0.463154945362847,0.210677129201988,0.216903515332835,0.452975920036347,0.389672683585031,0.474032602307525,0.34769482332354,0.810038891896054,0.6972881561482,0.153997926074881,0.0461628662718176,0.242426021517496,0.202815356519807,0.0956346746875894
"92.txt",0.608082348455966,0.324625603616838,0.319028797289667,0.580012650221379,0.625319768451574,0.760002653535944,0.682002257652845,0.893315711094312,0.815558470450374,0.523384721852645,0.297802043505498,0.520041932385675,0,0.317328908127812
"144.txt",0.540564530445588,0.664332383156469,0.162946428571428,0.097585717184013,0.758231039141791,0.372163279614794,0.549768487003397,0.71619943032914,0.842664797902756,0.388355749889972,0.0399066476033094,0.407667349100757,0.213346778718384,0.331057207532756
"150.txt",0.764341085271318,0.166412118971432,0.192058696590419,0.658444022770398,0.419705404211004,0.783996824316661,0.586938297233047,0.93026663373141,0.78364986595764,0.404478348282008,0.422580897759921,0.402007695610734,0,0.251667350318278
"151.txt",0.475223236188794,0.399586410458463,0.406811731315043,0.535282258064516,0.526095068428698,0.576348720275226,0.551623179259578,0.788834463771389,0.802318517519798,0.398960540946409,0.124316851359817,0.35606335945868,0.365198329930485,0.157221510359721
"145.txt",0.963895083359881,0.689391373659832,0.470779220779221,0.677904438515644,0.568576917048355,0.855962777534739,0.827998929614546,0.932887533988993,0.788376640707222,0.755316713197679,0.500587885857473,0.602555321176186,0.131931467482092,0.305322607599168
"93.txt",0.516446679237377,0.152594022617859,0.349952061361457,0.751673767498478,0.343135856909327,0.719490756493138,0.452438683281834,0.878321879276166,0.729778931751212,0.184609575293153,0.213482491953427,0.296441711323054,0,0.187995131014568
"179.txt",0.705579860311612,0.468973432678558,0.234962406015037,0.396358990737784,0.388487980011691,0.644351820347056,0.570948967948317,0.811822263305146,0.746544374370312,0.407384183903338,0.101019450122537,0.412896932869347,0.251947314643177,0.184540358233444
"87.txt",0.594350642455134,0.313163242266878,0.328571428571429,0.595698924731183,0.783804419359893,0.708977695137594,0.793846674353416,0.901307283677394,0.900235295452877,0.398748367432024,0.289399410395613,0.461913563508143,0.339814141038009,0.33472574598207
"192.txt",0.651028364027423,0.433349472303957,0.276928953399542,0.450019912385504,0.863576614602415,0.660203890111721,0.89791143775464,0.909513795345847,0.928003282913568,0.590373078281762,0.209213035774306,0.545342254735681,0.483082863655952,0.5249822365915
"186.txt",0.367540297772856,0.436275491294513,0.559299191374663,0.607293127629734,0.563618174763355,0.579660833074446,0.727543760734871,0.78924059863251,0.85609076730929,0.567733564148723,0.110639297517983,0.396557074960566,0.246272072633238,0.368309303518321
"78.txt",0.66996699669967,0.52611537965718,0,0.035507078208401,0.268386095949839,0.247470164959106,0.376636623096466,0.662348430269955,0.757487825731013,0.258507227726141,0.0198441745231262,0.310921986826578,0.159263728260199,0.209122537668214
"50.txt",0.691070915877118,0.369939908652447,0.331325301204819,0.607293127629734,0.298319420719847,0.647612566632641,0.520558623576058,0.869896804718662,0.703462290370379,0.281087936885726,0.151118288270774,0.330893740848677,0.443830988042319,0.167056794497417
"44.txt",0.976885130373502,0.528474790965892,0.37951607557176,0.704789833822092,0.734274049100783,0.903608267433336,0.864858607653052,0.973211964775496,0.854104645418547,0.759725230574276,0.820298965286329,0.718860011716682,0,0.319123215375482
"227.txt",0.507419712070875,0.377554188304358,0.272556390977444,0.404622809245619,0.826249005214807,0.63324638009905,0.836420062512479,0.846974578166348,0.944920469329587,0.776058610937816,0.152319392363646,0.651698393553488,0.496523030793714,0.692912554192707
"233.txt",0.810347935821164,0.329926117535894,0.350949628406276,0.757603686635945,0.226625904224242,0.816469266622379,0.440822430170737,0.922698797173405,0.65273663587918,0.344101820531122,0.302778788618981,0.354066105828653,0,0.128691103793895
"219.txt",0.814461812174355,0.423288967135479,0.113019891500904,0.320208728652752,0.302091099244199,0.687184761934558,0.547398221988118,0.866607292975598,0.713715166145488,0.381037653756358,0.18770730878622,0.374692154257975,0.592538278389794,0.164317481202883
"225.txt",0.393006525012548,0.156228488509767,0.193815331010453,0.428177557209815,0.789139742510678,0.569880044566312,0.756515973888845,0.869993587641339,0.923722870770601,0.455987496720021,0.14030899838852,0.419376398596549,0.352533284925331,0.441318934129709
"231.txt",0.736291871132921,0.36753781892075,0.453571428571429,0.815779246016323,0.511028485163304,0.741715536163428,0.642114850298945,0.943586512670566,0.762819234232763,0.331011368194841,0.445060559081038,0.385499716913147,0.170496050284549,0.177337684977856
"0.txt",0.584496124031007,0.18657692624728,0.272108843537415,0.642075736325386,0.699465804379804,0.727030426758224,0.66889977972007,0.912154351865977,0.854918763596615,0.428278051771996,0.391494124381656,0.43179102392368,0.0987794577045405,0.337252501053515
"52.txt",0.785361924896808,0.390678362025018,0.323450134770889,0.63649494463168,0.625710291093757,0.769469407361446,0.627085527848853,0.936243110450919,0.768179817928945,0.394071658421795,0.458264061128425,0.433991426354145,0.119753178176053,0.217322765169026
"46.txt",0.378162370049877,0.334348142261893,0.183209647495362,0.249032258064516,0.798380356996433,0.543917850086257,0.76807729305597,0.814383487826711,0.925923761994549,0.468748652385132,0.114933006109556,0.508244504201247,0.33863438495626,0.448700136814562
"190.txt",0.853711894231227,0.686988456762249,0.377232142857143,0.495491885393709,0.738225518808152,0.733313485312465,0.757414639238212,0.863888454456411,0.831371843563628,0.601249090530036,0.29277206134173,0.60055697906014,1,0.261760703201817
"184.txt",0.636950904392765,0.306747363015683,0.195954487989886,0.440143369175627,0.346481176674234,0.54709997593341,0.477553386163481,0.840234529473684,0.713822384909388,0.222334856964334,0.158201319976682,0.267753413173463,0.299685042539196,0.118437812822149
"91.txt",0.412144702842377,0.17219211760869,0.238095238095238,0.488006617038875,0.531881407425157,0.474494804316113,0.519552939111724,0.812694549825905,0.802855341203201,0.160166013885038,0.101274932424673,0.308450640434527,0.253894779643314,0.25197266759681
"85.txt",0.576227390180879,0.261940814984244,0.298913043478261,0.593820990458882,0.392025049277076,0.557806716364049,0.545905512539475,0.849533084740608,0.770641679717164,0.382800982940054,0.161867524967778,0.403336370834915,0.334734156098112,0.273310896500688
"153.txt",0.0706533776301215,0.0343192594265074,0.439560439560439,0.65284178187404,0.229250155883797,0.621634612788066,0.118657707111899,0,0.649608154778187,0.113022270632416,0.0195969121236726,0.194311288161964,0.0844361391885387,0.0957947829785941
"147.txt",0.547604849930431,0.382464173296322,0.514705882352941,0.743067345783814,0.509025000677527,0.728705909039355,0.661581942067469,0.89034027935908,0.787628368087477,0.484955093783011,0.226932895803999,0.422596277056032,0,0.18500235230946
"146.txt",0.684874707048855,0.540400279029329,0.660980810234541,0.870967741935484,0.154094249031816,0.822641012413702,0.487467028071319,0,0,0.212111748118023,0.175680178428704,0.324894183961577,0,0.0125517897593075
"152.txt",0.84141749723145,0.475620171399963,0.289058767319637,0.542566092650982,0.497624182708101,0.611541826666018,0.708173579793915,0.913180106390915,0.783185327452247,0.284910874762313,0.262725500334621,0.299518106986273,0.452516575814051,0.118624698747361
"84.txt",0.700866393068855,0.559067760467625,0.137844611528822,0.204032258064516,0.136623772978235,0.355343599424864,0.215669205304302,0.672008050068088,0.624919727164463,0.156420122514524,0.0475863002637028,0.267039767688359,0.155341160133803,0.0653542883141364
"185.txt",0.536537467700258,0.269879997169268,0.485074626865671,0.821339950372208,0.441771704089015,0.790140259347472,0.587280519316614,0.909015409994509,0.769552637983558,0.265461636374434,0.266582420668352,0.39226435490245,0,0.2680673928566
"191.txt",0.566283976057305,0.352002225591072,0.293367346938775,0.491351098644226,0.362979413482678,0.596007712373823,0.487262976007598,0.807813163612038,0.720443537720304,0.281296872071159,0.126897368214444,0.360675552804163,0.368126183759748,0.205791866349781
"47.txt",0.892801771871539,0.621149566171016,0.413533834586466,0.617404351087772,0.56943087037926,0.768331064988091,0.84830017691637,0.881288803651882,0.876483603806317,0.644821470049624,0.337197731010916,0.623819144854359,0.388013828722973,0.381782259973045
"53.txt",0.508771929824561,0.406236841944677,0.386100386100386,0.525857654889913,0.459833509968508,0.533871255205042,0.523732558347835,0.796909052119409,0.757587482811797,0.34559702056828,0.11632624097758,0.360340329202668,0.260290322691941,0.216473315967414
"230.txt",0.680413436692506,0.216497328215549,0.357142857142857,0.807603686635945,0.238230385286191,0.770832320679207,0.424583161060821,0.916516736772625,0.678326196067653,0.246737474454645,0.276295192217686,0.276305993810265,0,0.132422547849363
"280.txt",0.0944837658690034,0.181346086742339,0.125811688311688,0.129032258064516,0.469445706262962,0.195455748364901,0.260642177253073,0.617843301701325,0.750743606735719,0.0867031405416184,0,0.214974543600902,0.113337905972906,0.172648006148882
"243.txt",0.553218739467475,0.434455073586035,0.22270505160239,0.322014714204867,0.604108435282812,0.505840988998525,0.540222433299709,0.811939496966551,0.774886950142801,0.275453731514919,0.0740470351222528,0.308090825365298,0.189596274237681,0.170237803649792
"257.txt",0.656434108527132,0.459180840775324,0.038474406155905,0.118393960192176,0.542001646827058,0.516558512291902,0.654344850468854,0.79810841863757,0.840905269486182,0.508856484037034,0.108358715140518,0.466946852246168,0.328491933883814,0.400623802737751
"34.txt",0.584496124031007,0.582572020854039,0.192058696590419,0.199095952332032,0.754259363235212,0.425971082798802,0.597751302372809,0.745091773726443,0.864774536581593,0.404766778405205,0.0540693804575787,0.368260962273028,0.185497725038677,0.309622457383372
"20.txt",0.169184048589467,0.179505065017136,0.446927374301676,0.575186104218362,0.92061344608247,0.641161959850289,0.724283202837563,0.82911981006114,0.924290444129584,0.552589014648737,0.169340307029861,0.454259249347317,0.44897293241598,0.422214977126444
"135.txt",0.617195207892882,0.838947436937954,0.347490347490347,0.236470274593442,0.766923104024096,0.579215656622938,0.775619887815493,0.757758742162745,0.934629365231134,0.525666814398343,0.070855150391295,0.563896626878757,0.327596716406555,0.466533168217931
"121.txt",0.507581297840183,0.36939549143801,0.229521171349426,0.355698924731183,0.8938272235948,0.569949815668876,0.722215764934649,0.81068758996128,0.928462576795848,0.612795994960678,0.138433849621961,0.54836851473781,0.372119521004947,0.422089429994152
"109.txt",0.0801033591731264,0.11316479940206,0.357142857142857,0.46236559139785,0.813795354243667,0.480734531432047,0.588113957323955,0.779552660087818,0.87644770599271,0.30087977284758,0.0645382219870772,0.339130092425604,0.252260856277484,0.154321038806705
"108.txt",0.797040169133192,0.469696114452267,0.357142857142857,0.616211745244003,0.29239606982791,0.78081918550762,0.533003924722301,0.882584369258948,0.691982993722552,0.29862401895049,0.235150238696995,0.4082859143062,0,0.0992757532621842
"120.txt",0.632857794280503,0.291659172403764,0.366222760290557,0.698924731182796,0.602710639649937,0.709437862806355,0.637567665907701,0.929580843683893,0.789135224061877,0.356022228931007,0.354415840407837,0.38288883518719,0,0.227601254621031
"134.txt",0.569963197870174,0.332242041092798,0.402255639097744,0.661499790532049,0.570841211254407,0.706326252855685,0.635395862340955,0.88646714605798,0.784681723503525,0.293350728153484,0.258574550507996,0.378844362280394,0,0.185134221892658
"21.txt",0.579602383589094,0.499525427663639,0.273175100761308,0.351254480286739,0.835855562112622,0.517630414928098,0.839100131852901,0.814759928646588,0.963329986014307,0.524636826540734,0.124544363238842,0.497745931571635,0.301025807726213,0.442335350837411
"35.txt",0.729407171936869,0.725091853281061,0.63961038961039,0.704253497002569,0.977925116380454,0.777661406941137,0.931373896597006,0.90950017090207,0.928774541667402,0.968856293095482,0.447030733588232,0.700055695331265,0.0893074549109544,0.473003357489024
"256.txt",0.562015503875969,0.564122826823211,0.34065934065934,0.374933897408779,0.33025116339988,0.378530112283089,0.446469787540862,0.722476557451939,0.711722939441147,0.334488395036998,0.0646497493653236,0.324269284801119,0.225759765607483,0.211898801555912
"242.txt",0.530203305543367,0.514151776433006,0.41018387553041,0.476858345021038,0.268073566734667,0.459463191167261,0.382031534700317,0.719457959417387,0.677636278729141,0.181460126420625,0.038931007662519,0.29248393964024,0.314402835584246,0.0776463580331256
"281.txt",0.414116687066504,0.343796806578918,0.432595573440644,0.577308120133482,0.137553230500657,0.552029191256702,0.0799069746884888,0,0.594153349550293,0.0866521677775383,0.0492988275765235,0.193835161504582,0.143948668305247,0.029647750683115
"283.txt",0.119015047879617,0.181346086742339,0.38961038961039,0.46236559139785,0.196214484328004,0.446107897622018,0,0,0.629103546582664,0.137979392310172,0.0185058040997384,0.191118211360094,0.107594219487959,0.0490925203249997
"254.txt",0.803437815975733,0.536238428539174,0.639717425431711,0.938556067588326,0.638021316145555,0.914062120254704,0.855899311656809,0.98988769141211,0.827920746886057,0.750828313274188,0.772473160088999,0.52165251948338,0,0.267702778663993
"240.txt",0.634978920168638,0.607264726055117,0.438005390835579,0.501581277672359,0.268073566734667,0.4891119428377,0.516383012819176,0.759897983191742,0.687945176913432,0.4609044752339,0.0993564162821025,0.404268945338873,0.301923164371139,0.279217189594354
"268.txt",0.50149075730471,0.425154240253172,0.644599303135888,0.827145465611686,0.6397927057661,0.774781671770443,0.82184931243858,0.917598297461914,0.869675987836047,0.662896441808354,0.278787964703087,0.459811492400196,0,0.475547779370152
"23.txt",0.64883090691372,0.395682924993621,0.357142857142857,0.590570719602978,0.639753918399883,0.717312629527668,0.739677144376769,0.908589045392196,0.83433810386853,0.680855100138447,0.311485537770289,0.577209669334992,0.373467538718537,0.417678618272221
"37.txt",0.53758004718571,0.210158579753167,0.362997658079625,0.717267552182163,0.487445498772816,0.757806390764253,0.612817235130564,0.909955564562266,0.791827571933658,0.380538547601746,0.259408549888752,0.38488370265962,0,0.240684869033751
"122.txt",0.551797040169133,0.702712448145365,0.458422174840085,0.403542061986085,0.859688084564239,0.574308636189522,0.856484555297408,0.813566991632322,0.934238243504114,0.677450886771448,0.121981077482996,0.552991859982525,0.356093519454575,0.506165524715272
"136.txt",0.385064087804129,0.276580958279563,0.278505897771953,0.42314990512334,0.656691740906038,0.635530477738711,0.633364895472096,0.814488853211769,0.84126070466298,0.359975480861075,0.139671899184676,0.390915448010613,0.438437745635359,0.321415467283933
"137.txt",0.908723659788186,0.688074706866636,0.327788649706458,0.46236559139785,0.529447581387784,0.59518022928804,0.772231432858011,0.865035203180872,0.807337196273955,0.546845747084285,0.207585977236964,0.467357870835493,0.349417276052373,0.344398538948996
"123.txt",0.536933820231917,0.218598761129708,0.41304347826087,0.78019504876219,0.724346811679597,0.856223695624852,0.741965368315143,0.943540785181712,0.874447268986005,0.509488151119169,0.410786079968894,0.454315198863331,0,0.299083653636773
"36.txt",0.279304674653512,0.368459421914883,0.484261501210654,0.516787360105333,0.604852528314676,0.49625838766946,0.536845199050925,0.75774492613671,0.819196506229397,0.334498354910113,0.0846391382469417,0.286169637593432,0.238808354853418,0.108898160649728
"22.txt",0.565053425518542,0.361496199292542,0.342857142857143,0.548387096774194,0,0.525378027051846,0.0249940015583654,0,0.514610247847658,0,0.0150498044992421,0.151641326406506,0.131061589674518,0
"269.txt",0.65891472868217,0.433995634831038,0.666666666666667,0.975186104218362,0.311464764736807,0.918679823069071,0.614170702780495,0,0.700035885938339,0.433990758772535,0.423743330525134,0.298103985286574,0,0.0642915362201341
"241.txt",0.266630611141157,0.399179521719331,0.847457627118644,0.889032258064516,0.509477022787541,0.839287739593966,0.6624829404562,0,0,0.537456083577247,0.145999395156935,0.202198129837143,0.081188595373595,0.0823089886727057
"255.txt",0.53391472868217,0.281641748554488,0.279503105590062,0.517921146953405,0.694835141860452,0.56814359009848,0.65604682817516,0.86814703019994,0.858510447628192,0.379331475217871,0.184026915492379,0.376465427610312,0.282260850594378,0.293512147187914
"282.txt",0.626401746067585,0.405715713167086,0.459726443768997,0.704032258064516,0.603580673439184,0.811939544940675,0.701450737657362,0.910253501878248,0.808976363325844,0.392604989808299,0.302357998477727,0.521086672712649,0,0.231859285573364
"292.txt",0.469040099531056,0.11316479940206,0.482758620689655,0.969032258064516,0.505467745930409,0.913008959963706,0.590694919791508,0.97247351620291,0.794129580034032,0.35203107670114,0.53347698356123,0.452620351029518,0,0.265271306506564
"286.txt",0.708260398432941,0.360917361483851,0.479041916167665,0.839177185600748,0.446007290413531,0.844816831121697,0.66872896547078,0.945205290117714,0.764090661039073,0.291503184626848,0.395007992569071,0.387763246986903,0,0.197336177352289
"279.txt",0.836279069767442,0.420504639544748,0.325936199722607,0.643156551849827,0.777075638957343,0.848790865657253,0.8173914504604,0.960315737828611,0.856317476108078,0.566002113999398,0.629802109817196,0.554521073300257,0,0.300358940623681
"251.txt",0.515983757844223,0.51841278580052,0.313111545988258,0.349032258064516,0.673710938945834,0.592827581299051,0.741613030206223,0.812029188925477,0.867954958428656,0.551736731809866,0.118322424556628,0.499613108263436,0.290959469184928,0.352990484916811
"245.txt",0.471652226782186,0.341781440505758,0.723684210526316,1,0.387099332205792,0.941546206558444,0.579322547099601,0,0.735963958735335,0.456702726855217,0.39909975590262,0.472006572995413,0,0.185628401615999
"26.txt",0.383492932056543,0.302879634389077,0.319148936170213,0.450460829493088,0.41859846013936,0.412757821740469,0.415557153848655,0.740899265884786,0.744122202490305,0.22321822522672,0.0520790595648772,0.294625160257656,0.20964468209931,0.172631130980827
"32.txt",0.698082415340677,0.689710698164494,0.548172757475083,0.605955334987593,0.470901228280583,0.576655892026766,0.67083351561375,0.831919841035684,0.771213521021219,0.350642037668037,0.175760278837736,0.439357505543871,0.417476912242478,0.22846037053457
"127.txt",0.182981791959618,0.401041345949903,0.681818181818182,0.629032258064516,0.497083905139767,0.59969377339231,0.512745112071644,0,0,0.406077522451168,0.0351263485635853,0.276070586869713,0.136599811716073,0.132756280732672
"133.txt",0.792102388013111,0.669210292242411,0.421962379257753,0.529032258064516,0.773125505267337,0.650934072165783,0.788848249774084,0.868644533722419,0.849461602445277,0.573464893520225,0.280707141428684,0.553835952575863,0.452968638577826,0.295124317468331
"132.txt",0.630907726931733,0.481465503338387,0.471938775510204,0.649032258064516,0.559490382464523,0.765566519224225,0.717253043028725,0.88929224087587,0.795268537147498,0.581070634252936,0.242868792258009,0.581788804589565,0,0.295243001418269
"33.txt",0.424633936261843,0.249193152085851,0.561974789915966,0.859801488833747,0.633583648907763,0.863861479717213,0.662078540881224,0.925176777999767,0.82609804108892,0.618287222794542,0.31148553777029,0.526519501754994,0,0.352054605876071
"27.txt",0.18954248366013,0.272885778078824,0.803571428571428,0.914746543778802,0.630437928680442,0.862983846141382,0.716177285694649,0,0.8799617261279,0.490674545145201,0.195286544401962,0.371660443790989,0,0.0985141971651248
"244.txt",0.630907726931733,0.363162852983082,0.43103448275862,0.712365591397849,0.495433932512207,0.743129626068218,0.665292976142401,0.908822161098555,0.790497714631181,0.392377213828874,0.273650011880846,0.353191837269794,0,0.148790443056885
"250.txt",0.420289855072464,0.100969772398108,0.487804878048781,0.950460829493087,0.64016239238927,0.902477357053743,0.575145895292461,0.972179006837488,0.813266547047847,0.432981913187334,0.535522865228004,0.485126854487128,0,0.350351899696305
"278.txt",0.693309882092372,0.280941270916435,0.419047619047619,0.833577712609971,0.56943087037926,0.8818192128842,0.644007244342079,0.95902491739619,0.791787955932043,0.449168862009394,0.506222406112238,0.502046891448709,0,0.229407110045812
"287.txt",0.519097956307259,0.290025124541825,0.53951367781155,0.858761987794246,0.298466137522673,0.811393223778389,0.420103208079851,0,0.67624721190705,0.191871250850287,0.206879873847018,0.204111372976602,0.081188595373595,0.0461179982680826
"293.txt",0.569190169882896,0.558503537435173,0.434546442151005,0.494885916601102,0.971727157883886,0.633565685454083,0.849301561383718,0.845818509226852,0.957445304302113,0.652250534681679,0.160444644812557,0.557592309397006,0.366717199065316,0.438608008591145
"285.txt",0.881383044173742,0.596165424851359,0.469924812030075,0.707013909440663,0.534311027717645,0.838673396090884,0.77169337847556,0.935109835984002,0.775434200253679,0.682694665499102,0.432638468206763,0.590844708374727,0,0.176315032976079
"246.txt",0.321497040926898,0.480769464210713,0.357142857142857,0.309755149630781,0.788512450149318,0.470681637745264,0.716642284293362,0.740125829257615,0.91891647316815,0.486564627789758,0.054271149729593,0.460988045487746,0.191481710255381,0.410598445988446
"252.txt",0.630907726931733,0.44329043425905,0.563186813186813,0.80550284629981,0.599250973757315,0.848987900168932,0.745471577552413,0.933046365796372,0.80702277143459,0.522992156812616,0.343176172325288,0.508083793600433,0,0.245443082205308
"31.txt",0.258739213105163,0.515735194506793,0.120798319327731,0,0.289347489622979,0,0.036535088019547,0.530051655401287,0.669170750703579,0.0788874581098256,0.000405623439974426,0.200275684704498,0.0989809896788721,0.112003753656367
"25.txt",0.48172757475083,0.689931962388197,0.46681664791901,0.379032258064516,0.577213310924626,0.453480019658992,0.532391299775172,0.713210143550078,0.828472598964884,0.344880405598576,0.059018904848728,0.408065795672702,0.210274595894022,0.225261799179731
"19.txt",0.351457582705535,0.286060649542206,0.707610146862483,0.938556067588326,0.696396671086097,0.884924685537138,0.759861286267423,0.945806052321661,0.879523750383523,0.476648811874418,0.362366880521893,0.429825668763765,0,0.282111810100952
"118.txt",0.813679083487686,0.711910137728607,0.496428571428571,0.599620493358634,0.59961851099915,0.657071138302721,0.700265790406213,0.852588597805933,0.794352635195746,0.645499363355537,0.25730737494263,0.486244345315737,0.441124701529866,0.186343020609356
"130.txt",0.448143081522014,0.344684735979267,0.236024844720497,0.348890414092885,0.923658299598718,0.598491796973237,0.763372715647199,0.846496858289874,0.915640657104668,0.413515384354685,0.133368569776299,0.462766615036397,0.367444724617293,0.429318423008856
"124.txt",0.89922480620155,1,0.729323308270677,0.700460829493087,0.35782511622788,0.639187284304671,0.837003615928964,0.858365029052869,0,0.588121201430839,0.135351092132895,0.567395393668485,0.0962664773715483,0.217339177288587
"125.txt",0.709418372557211,0.491155868439234,0.357142857142857,0.54236559139785,0.849921366664775,0.719946952163743,0.91525461986684,0.88235933374712,0.962208279033042,0.69608677223806,0.244664019052157,0.659294375980752,0.248126724028354,0.605687902483855
"131.txt",0.772160431412201,0.625313589724292,0.654761904761905,0.84331797235023,0.140300649383281,0.797161327954114,0.533577811291145,0,0,0.384746318533773,0.180097422936513,0.270978534799243,0.081188595373595,0.0487114433151533
"119.txt",0.29487566696869,0.454625555512724,0.627177700348432,0.610513739545998,0.833686999077006,0.610751956447771,0.816668187585131,0.81241021561986,0.946739994619709,0.6671397954592,0.127165517811811,0.414373432873113,0.270018993294709,0.412378672258725
"18.txt",0.48172757475083,0.215346543524462,0.357142857142857,0.660947151681537,0.773518803559309,0.745088402454853,0.567532511864246,0.914017270524635,0.80099057457065,0.346736653064591,0.32576081598828,0.375428473838889,0.418662523476505,0.242232969359561
"24.txt",0.519097956307259,0.196890562629666,0.397574123989218,0.770057899090157,0.208545975831151,0.729651052890249,0.286002171637406,0,0.633091243288532,0.215159380339474,0.154324627913507,0.33111709812552,0,0.134428480826108
"30.txt",0.518170322722524,0.39191662272403,0.251026928343222,0.371456500488759,0.807515789450022,0.591921957991886,0.89705520751574,0.86749956310456,0.962454717115597,0.560951979845926,0.121672621112719,0.519368389808261,0.346705747968515,0.479856646673654
"253.txt",0.263071086920666,0.592007225107248,0.835164835164835,0.67741935483871,0.639873699678187,0.644283221196588,0.740436689747338,0,0,0.618614964644962,0.079928930939883,0.264407730552707,0,0.0821869995563083
"247.txt",0.461444308445532,0.267065335277082,0.227085053674649,0.412614347616755,0.358844069995898,0.507542247930134,0.38029211644273,0.759488070662639,0.725529285666408,0.208054094561026,0.0456662311075521,0.257366358393463,0.208436105430287,0.10822616461318
"290.txt",0.492660399142339,0.244116160801643,0.48469387755102,0.816532258064516,0.19470927676464,0.772477883633889,0.378626500458409,0,0.645672694139486,0.273277984196286,0.142713585207267,0.263438061699148,0.138020612135111,0.112570881463779
"284.txt",0.701318492016166,0.75118066531196,0.330357142857143,0.313032258064516,0.664699917632955,0.531792649367549,0.721910905205689,0.78901660165211,0.854365679027881,0.558106199602744,0.0992077274697945,0.499002910747702,0.301681479960668,0.275773456463062
